/*
 Navicat Premium Data Transfer

 Source Server         : 云_MySQL
 Source Server Type    : MySQL
 Source Server Version : 50736
 Source Host           : 110.41.136.209:3306
 Source Schema         : travel_strategy

 Target Server Type    : MySQL
 Target Server Version : 50736
 File Encoding         : 65001

 Date: 09/05/2023 23:09:10
*/

SET NAMES utf8mb4;
SET FOREIGN_KEY_CHECKS = 0;

-- ----------------------------
-- Table structure for authority
-- ----------------------------
DROP TABLE IF EXISTS `authority`;
CREATE TABLE `authority`  (
  `id` bigint(20) NOT NULL AUTO_INCREMENT COMMENT 'id',
  `authority` varchar(100) CHARACTER SET utf8 COLLATE utf8_general_ci NOT NULL COMMENT '权限',
  `create_time` timestamp(0) NOT NULL DEFAULT CURRENT_TIMESTAMP(0) COMMENT '创建时间',
  `update_time` timestamp(0) NOT NULL DEFAULT CURRENT_TIMESTAMP(0) COMMENT '更新时间',
  `is_deleted` tinyint(3) NOT NULL DEFAULT 0 COMMENT '删除标记（0:可用，1:不可用）',
  PRIMARY KEY (`id`) USING BTREE
) ENGINE = InnoDB AUTO_INCREMENT = 4 CHARACTER SET = utf8 COLLATE = utf8_general_ci ROW_FORMAT = Dynamic;

-- ----------------------------
-- Records of authority
-- ----------------------------
INSERT INTO `authority` VALUES (1, 'ROLE_admin', '2023-02-21 02:18:26', '2023-02-21 02:18:26', 0);
INSERT INTO `authority` VALUES (2, 'ROLE_common', '2023-02-21 02:18:26', '2023-02-21 02:18:26', 0);
INSERT INTO `authority` VALUES (3, 'ROLE_super', '2023-03-31 06:38:39', '2023-03-31 06:38:39', 0);

-- ----------------------------
-- Table structure for browse_record
-- ----------------------------
DROP TABLE IF EXISTS `browse_record`;
CREATE TABLE `browse_record`  (
  `id` bigint(20) NOT NULL AUTO_INCREMENT COMMENT 'id',
  `user_id` bigint(20) NOT NULL DEFAULT 0 COMMENT '用户id',
  `browse_id` bigint(20) NOT NULL DEFAULT 0 COMMENT '浏览项id',
  `browse_type` varchar(20) CHARACTER SET utf8 COLLATE utf8_general_ci NOT NULL COMMENT '浏览类型（CITY 或 POST）',
  `create_time` timestamp(0) NOT NULL DEFAULT CURRENT_TIMESTAMP(0) COMMENT '创建时间',
  `update_time` timestamp(0) NOT NULL DEFAULT CURRENT_TIMESTAMP(0) COMMENT '修改时间',
  `is_deleted` tinyint(3) NOT NULL DEFAULT 0 COMMENT '删除标记（0:可用，1:不可用）',
  PRIMARY KEY (`id`) USING BTREE
) ENGINE = InnoDB AUTO_INCREMENT = 36 CHARACTER SET = utf8 COLLATE = utf8_general_ci ROW_FORMAT = Dynamic;

-- ----------------------------
-- Records of browse_record
-- ----------------------------
INSERT INTO `browse_record` VALUES (1, 1000000001, 350200, 'CITY', '2023-02-22 12:02:33', '2023-02-22 12:02:33', 0);
INSERT INTO `browse_record` VALUES (2, 1000000001, 530700, 'CITY', '2023-02-22 12:02:46', '2023-02-22 12:02:46', 0);
INSERT INTO `browse_record` VALUES (17, 1000000001, 19, 'POST', '2023-03-07 15:24:39', '2023-03-07 15:24:39', 0);
INSERT INTO `browse_record` VALUES (18, 1000000002, 20, 'POST', '2023-03-07 15:44:13', '2023-03-07 15:44:13', 1);
INSERT INTO `browse_record` VALUES (19, 1000000001, 20, 'POST', '2023-03-07 16:00:39', '2023-03-07 16:00:39', 0);
INSERT INTO `browse_record` VALUES (20, 1000000001, 110100, 'CITY', '2023-03-07 16:13:47', '2023-03-07 16:13:47', 0);
INSERT INTO `browse_record` VALUES (21, 1000000002, 110100, 'CITY', '2023-03-07 17:20:06', '2023-03-07 17:20:06', 1);
INSERT INTO `browse_record` VALUES (23, 1000000002, 350200, 'CITY', '2023-03-10 16:54:20', '2023-03-10 16:54:20', 1);
INSERT INTO `browse_record` VALUES (26, 1000000002, 20, 'POST', '2023-04-13 22:38:05', '2023-04-13 22:38:05', 0);
INSERT INTO `browse_record` VALUES (27, 1000000002, 23, 'POST', '2023-04-13 22:45:07', '2023-04-13 22:45:07', 1);
INSERT INTO `browse_record` VALUES (28, 1000000002, 25, 'POST', '2023-04-14 12:10:22', '2023-04-14 12:10:22', 1);
INSERT INTO `browse_record` VALUES (29, 1000000002, 110100, 'CITY', '2023-04-14 12:20:28', '2023-04-14 12:20:28', 0);
INSERT INTO `browse_record` VALUES (30, 1000000002, 350200, 'CITY', '2023-04-14 12:24:27', '2023-04-14 12:24:27', 0);
INSERT INTO `browse_record` VALUES (31, 1000000001, 28, 'POST', '2023-04-27 17:03:59', '2023-04-27 17:03:59', 0);
INSERT INTO `browse_record` VALUES (32, 1000000003, 28, 'POST', '2023-04-29 15:31:07', '2023-04-29 15:31:07', 0);
INSERT INTO `browse_record` VALUES (33, 1000000003, 29, 'POST', '2023-04-29 15:32:57', '2023-04-29 15:32:57', 1);
INSERT INTO `browse_record` VALUES (34, 1000000003, 110100, 'CITY', '2023-04-29 15:36:01', '2023-04-29 15:36:01', 0);
INSERT INTO `browse_record` VALUES (35, 1000000003, 350200, 'CITY', '2023-04-29 15:36:26', '2023-04-29 15:36:26', 0);

-- ----------------------------
-- Table structure for city
-- ----------------------------
DROP TABLE IF EXISTS `city`;
CREATE TABLE `city`  (
  `id` bigint(20) NOT NULL COMMENT 'id',
  `name` varchar(50) CHARACTER SET utf8 COLLATE utf8_general_ci NOT NULL DEFAULT '' COMMENT '城市名',
  `pinyin` varchar(50) CHARACTER SET utf8 COLLATE utf8_general_ci NOT NULL DEFAULT '' COMMENT '拼音',
  `intro` varchar(255) CHARACTER SET utf8 COLLATE utf8_general_ci NOT NULL DEFAULT '' COMMENT '介绍',
  `cover_img1` varchar(100) CHARACTER SET utf8 COLLATE utf8_general_ci NOT NULL DEFAULT '' COMMENT '封面图片1',
  `cover_img2` varchar(100) CHARACTER SET utf8 COLLATE utf8_general_ci NOT NULL DEFAULT '' COMMENT '封面图片2',
  `recomm_time` varchar(255) CHARACTER SET utf8 COLLATE utf8_general_ci NOT NULL DEFAULT '' COMMENT '推荐旅游时间',
  `reading_num` bigint(20) NOT NULL DEFAULT 0 COMMENT '用户阅览量',
  `create_time` timestamp(0) NOT NULL DEFAULT CURRENT_TIMESTAMP(0) COMMENT '创建时间',
  `update_time` timestamp(0) NOT NULL DEFAULT CURRENT_TIMESTAMP(0) COMMENT '更新时间',
  `is_deleted` tinyint(3) NOT NULL DEFAULT 0 COMMENT '删除标记（0:可用，1:不可用）',
  PRIMARY KEY (`id`) USING BTREE
) ENGINE = InnoDB CHARACTER SET = utf8 COLLATE = utf8_general_ci ROW_FORMAT = Dynamic;

-- ----------------------------
-- Records of city
-- ----------------------------
INSERT INTO `city` VALUES (110100, '北京', 'BEIJING', '北京是一座迷人的城市，既有古典风韵，又具时尚气息。小胡同、老茶馆、新潮酒吧街、繁华商业区，无限的摩登元素与老北京地道的京味儿相互交融，构筑了北京城博大精深的文化底蕴和正统而不失清雅的生活方式。来北京必去的景点非天安门、故宫、长城莫属，除此以外，可根据各人的兴趣爱好进行多样化的选择。不论是情侣出行还是亲子旅游，向往皇家古迹还是时尚街区，都能在北京找到最适合的去处。', 'b0f6c7cc-33a1-42e8-9484-01f1ac56512e.jpg', '17532f5b-644a-4cd1-a531-01eeb68b55e0.jpg', '春天、秋天是最适合到北京旅游的季节。春季（3-5 月）：春天的北京温度适宜，百花盛开，市区内可在北海公园泛舟湖上，踏青郊游，也可去郊外登长城、访古寺。秋季（9-10 月）：北京的秋天虽然很短，但秋高气爽，温度适宜，一年一度的赏红叶和银杏活动就显得尤为珍贵。钓鱼台的银杏大道和漫山红叶的香山，都是摄影爱好者必去之处。', 4, '2023-03-06 17:04:30', '2023-04-29 15:36:01', 0);
INSERT INTO `city` VALUES (350200, '厦门', 'XIAMEN', '厦门被称为鹭岛，是一个充满了轻快与悠闲的城市。它是海中之城，城中存海，就如镶嵌在俗世里的蓬莱。', 'eeacb37f-727e-45c0-b6ef-b8a4e7d4057b.jpg', '75eee339-be9b-424e-aff2-6487b56dd313.jpg', '厦门冬无严寒、夏无酷暑，且日照时间长，阳光充沛，一年四季树木常青、鲜花盛开并各具风采。不过每年 8 月前后，是台风多发季节，此时前往厦门一定要多关注气象信息。由于台风的影响，航班可能会取消，沿海的一些景点可能会关闭，行人出行困难，无法进行户外活动，台风带来的强降雨甚至会引发山区泥石流。因此去厦门旅游，只要避开台风季节，其他时间去都很不错。', 4, '2022-12-09 07:12:21', '2023-04-29 15:36:26', 0);
INSERT INTO `city` VALUES (530700, '丽江', 'LIJIANG', '享受古城闲暇的午后时光，听一首情歌，等待一场浪漫邂逅。在丽江，生活就是这么惬意。', '6148ab97-463c-4d31-a32e-affe6baa3331.jpg', '775dca49-9d12-41cb-9b3f-302a585498f9.jpg', '丽江一年四季都比较适合旅游，不同的月份到丽江，可以看到不同的风景。不过在每年的五一、十一等小长假，到丽江的人会很多，住宿价格也会上涨，有条件的人可以避开此段时间。2月可以到拉市海附近的农田看油菜花、到长江第一湾、玉龙雪山游览；4月是丽江古城和玉龙雪山最美的时候；5月可以在丽江的山野间看百花开放，落英缤纷；6-8月为多雨的季节，可看丽江雨中风情。9-10月可以到丽江的田野间看丰收胜景。', 1, '2022-12-09 07:20:16', '2023-02-22 12:02:46', 0);

-- ----------------------------
-- Table structure for copywriting
-- ----------------------------
DROP TABLE IF EXISTS `copywriting`;
CREATE TABLE `copywriting`  (
  `id` bigint(20) NOT NULL AUTO_INCREMENT COMMENT 'id',
  `title` varchar(100) CHARACTER SET utf8 COLLATE utf8_general_ci NOT NULL DEFAULT '' COMMENT '文案标题',
  `text` varchar(200) CHARACTER SET utf8 COLLATE utf8_general_ci NOT NULL DEFAULT '' COMMENT '文案正文',
  `note` varchar(200) CHARACTER SET utf8 COLLATE utf8_general_ci NOT NULL DEFAULT '' COMMENT '文案注解',
  `create_time` timestamp(0) NOT NULL DEFAULT CURRENT_TIMESTAMP(0) COMMENT '创建时间',
  `update_time` timestamp(0) NOT NULL DEFAULT CURRENT_TIMESTAMP(0) COMMENT '更新时间',
  `is_deleted` tinyint(3) NOT NULL DEFAULT 0 COMMENT '删除标记（0:可用，1:不可用）',
  PRIMARY KEY (`id`) USING BTREE
) ENGINE = InnoDB AUTO_INCREMENT = 100000004 CHARACTER SET = utf8 COLLATE = utf8_general_ci ROW_FORMAT = Dynamic;

-- ----------------------------
-- Records of copywriting
-- ----------------------------
INSERT INTO `copywriting` VALUES (100000001, '短暂逃离', '寻找能让自己欢呼雀跃的东西', '无人问津的时刻，孤独且自由，肆意且潇洒', '2022-12-09 09:02:01', '2022-12-09 09:02:01', 0);
INSERT INTO `copywriting` VALUES (100000002, '爱我所爱', '我知我喜乐，纵情跋涉', '一个背包，几本书，所有喜欢的歌，一张单程车票，一颗潇洒的心', '2022-12-09 09:02:23', '2022-12-09 09:02:23', 0);
INSERT INTO `copywriting` VALUES (100000003, '奔赴远方', '远赴人间惊鸿宴，一睹人间盛世颜', '这个世界其实无所谓远方，每一个你的远方，都是他人的故乡', '2022-12-09 09:02:35', '2022-12-09 09:02:35', 0);

-- ----------------------------
-- Table structure for dict
-- ----------------------------
DROP TABLE IF EXISTS `dict`;
CREATE TABLE `dict`  (
  `id` bigint(20) NOT NULL DEFAULT 0 COMMENT 'id',
  `parent_id` bigint(20) NOT NULL COMMENT '上级id',
  `name` varchar(100) CHARACTER SET utf8 COLLATE utf8_general_ci NOT NULL DEFAULT '' COMMENT '名称',
  `value` bigint(20) NULL DEFAULT NULL COMMENT '值',
  `dict_code` varchar(20) CHARACTER SET utf8 COLLATE utf8_general_ci NULL DEFAULT NULL COMMENT '编码',
  `create_time` timestamp(0) NOT NULL DEFAULT CURRENT_TIMESTAMP(0) COMMENT '创建时间',
  `update_time` timestamp(0) NOT NULL DEFAULT CURRENT_TIMESTAMP(0) ON UPDATE CURRENT_TIMESTAMP(0) COMMENT '更新时间',
  `is_deleted` tinyint(3) NOT NULL DEFAULT 0 COMMENT '删除标记（0:可用，1:不可用）',
  PRIMARY KEY (`id`) USING BTREE
) ENGINE = InnoDB CHARACTER SET = utf8 COLLATE = utf8_general_ci ROW_FORMAT = Dynamic;

-- ----------------------------
-- Records of dict
-- ----------------------------
INSERT INTO `dict` VALUES (1, 0, '全部分类', 1, 'ROOT', '2022-11-27 07:20:45', '2022-11-27 07:20:45', 0);
INSERT INTO `dict` VALUES (86, 1, '省', 86, 'Province', '2022-11-27 07:20:45', '2022-11-27 07:20:45', 0);
INSERT INTO `dict` VALUES (110000, 86, '北京市', 110000, NULL, '2022-11-27 07:21:46', '2022-12-19 12:16:02', 0);
INSERT INTO `dict` VALUES (110100, 110000, '北京市', 110100, NULL, '2022-11-27 07:26:50', '2022-12-19 12:15:54', 0);
INSERT INTO `dict` VALUES (120000, 86, '天津市', 120000, NULL, '2022-11-27 07:21:46', '2022-12-19 12:16:00', 0);
INSERT INTO `dict` VALUES (120100, 120000, '天津市', 120100, NULL, '2022-11-27 08:02:28', '2022-12-19 12:15:57', 0);
INSERT INTO `dict` VALUES (130000, 86, '河北省', 130000, NULL, '2022-11-27 07:21:46', '2022-11-27 07:21:46', 0);
INSERT INTO `dict` VALUES (130100, 130000, '石家庄市', 130100, NULL, '2022-11-27 07:27:43', '2022-11-27 07:27:43', 0);
INSERT INTO `dict` VALUES (130200, 130000, '唐山市', 130200, NULL, '2022-11-27 07:27:43', '2022-11-27 07:27:43', 0);
INSERT INTO `dict` VALUES (130300, 130000, '秦皇岛市', 130300, NULL, '2022-11-27 07:27:43', '2022-11-27 07:27:43', 0);
INSERT INTO `dict` VALUES (130400, 130000, '邯郸市', 130400, NULL, '2022-11-27 07:27:43', '2022-11-27 07:27:43', 0);
INSERT INTO `dict` VALUES (130500, 130000, '邢台市', 130500, NULL, '2022-11-27 07:27:43', '2022-11-27 07:27:43', 0);
INSERT INTO `dict` VALUES (130600, 130000, '保定市', 130600, NULL, '2022-11-27 07:27:43', '2022-11-27 07:27:43', 0);
INSERT INTO `dict` VALUES (130700, 130000, '张家口市', 130700, NULL, '2022-11-27 07:27:44', '2022-11-27 07:27:44', 0);
INSERT INTO `dict` VALUES (130800, 130000, '承德市', 130800, NULL, '2022-11-27 07:27:44', '2022-11-27 07:27:44', 0);
INSERT INTO `dict` VALUES (130900, 130000, '沧州市', 130900, NULL, '2022-11-27 07:27:44', '2022-11-27 07:27:44', 0);
INSERT INTO `dict` VALUES (131000, 130000, '廊坊市', 131000, NULL, '2022-11-27 07:27:44', '2022-11-27 07:27:44', 0);
INSERT INTO `dict` VALUES (131100, 130000, '衡水市', 131100, NULL, '2022-11-27 07:27:44', '2022-11-27 07:27:44', 0);
INSERT INTO `dict` VALUES (140000, 86, '山西省', 140000, NULL, '2022-11-27 07:21:46', '2022-11-27 07:21:46', 0);
INSERT INTO `dict` VALUES (140100, 140000, '太原市', 140100, NULL, '2022-11-27 07:29:22', '2022-11-27 07:29:22', 0);
INSERT INTO `dict` VALUES (140200, 140000, '大同市', 140200, NULL, '2022-11-27 07:29:22', '2022-11-27 07:29:22', 0);
INSERT INTO `dict` VALUES (140300, 140000, '阳泉市', 140300, NULL, '2022-11-27 07:29:22', '2022-11-27 07:29:22', 0);
INSERT INTO `dict` VALUES (140400, 140000, '长治市', 140400, NULL, '2022-11-27 07:29:22', '2022-11-27 07:29:22', 0);
INSERT INTO `dict` VALUES (140500, 140000, '晋城市', 140500, NULL, '2022-11-27 07:29:23', '2022-11-27 07:29:23', 0);
INSERT INTO `dict` VALUES (140600, 140000, '朔州市', 140600, NULL, '2022-11-27 07:29:23', '2022-11-27 07:29:23', 0);
INSERT INTO `dict` VALUES (140700, 140000, '晋中市', 140700, NULL, '2022-11-27 07:29:23', '2022-11-27 07:29:23', 0);
INSERT INTO `dict` VALUES (140800, 140000, '运城市', 140800, NULL, '2022-11-27 07:29:23', '2022-11-27 07:29:23', 0);
INSERT INTO `dict` VALUES (140900, 140000, '忻州市', 140900, NULL, '2022-11-27 07:29:23', '2022-11-27 07:29:23', 0);
INSERT INTO `dict` VALUES (141000, 140000, '临汾市', 141000, NULL, '2022-11-27 07:29:23', '2022-11-27 07:29:23', 0);
INSERT INTO `dict` VALUES (141100, 140000, '吕梁市', 141100, NULL, '2022-11-27 07:29:23', '2022-11-27 07:29:23', 0);
INSERT INTO `dict` VALUES (150000, 86, '内蒙古自治区', 150000, NULL, '2022-11-27 07:21:46', '2022-11-27 07:21:46', 0);
INSERT INTO `dict` VALUES (150100, 150000, '呼和浩特市', 150100, NULL, '2022-11-27 07:29:58', '2022-11-27 07:29:58', 0);
INSERT INTO `dict` VALUES (150200, 150000, '包头市', 150200, NULL, '2022-11-27 07:29:58', '2022-11-27 07:29:58', 0);
INSERT INTO `dict` VALUES (150300, 150000, '乌海市', 150300, NULL, '2022-11-27 07:29:58', '2022-11-27 07:29:58', 0);
INSERT INTO `dict` VALUES (150400, 150000, '赤峰市', 150400, NULL, '2022-11-27 07:29:58', '2022-11-27 07:29:58', 0);
INSERT INTO `dict` VALUES (150500, 150000, '通辽市', 150500, NULL, '2022-11-27 07:29:58', '2022-11-27 07:29:58', 0);
INSERT INTO `dict` VALUES (150600, 150000, '鄂尔多斯市', 150600, NULL, '2022-11-27 07:29:58', '2022-11-27 07:29:58', 0);
INSERT INTO `dict` VALUES (150700, 150000, '呼伦贝尔市', 150700, NULL, '2022-11-27 07:29:58', '2022-11-27 07:29:58', 0);
INSERT INTO `dict` VALUES (150800, 150000, '巴彦淖尔市', 150800, NULL, '2022-11-27 07:29:58', '2022-11-27 07:29:58', 0);
INSERT INTO `dict` VALUES (150900, 150000, '乌兰察布市', 150900, NULL, '2022-11-27 07:29:58', '2022-11-27 07:29:58', 0);
INSERT INTO `dict` VALUES (152200, 150000, '兴安盟', 152200, NULL, '2022-11-27 07:29:58', '2022-11-27 07:29:58', 0);
INSERT INTO `dict` VALUES (152500, 150000, '锡林郭勒盟', 152500, NULL, '2022-11-27 07:29:59', '2022-11-27 07:29:59', 0);
INSERT INTO `dict` VALUES (152900, 150000, '阿拉善盟', 152900, NULL, '2022-11-27 07:29:59', '2022-11-27 07:29:59', 0);
INSERT INTO `dict` VALUES (210000, 86, '辽宁省', 210000, NULL, '2022-11-27 07:21:46', '2022-11-27 07:21:46', 0);
INSERT INTO `dict` VALUES (210100, 210000, '沈阳市', 210100, NULL, '2022-11-27 07:30:28', '2022-11-27 07:30:28', 0);
INSERT INTO `dict` VALUES (210200, 210000, '大连市', 210200, NULL, '2022-11-27 07:30:28', '2022-11-27 07:30:28', 0);
INSERT INTO `dict` VALUES (210300, 210000, '鞍山市', 210300, NULL, '2022-11-27 07:30:28', '2022-11-27 07:30:28', 0);
INSERT INTO `dict` VALUES (210400, 210000, '抚顺市', 210400, NULL, '2022-11-27 07:30:29', '2022-11-27 07:30:29', 0);
INSERT INTO `dict` VALUES (210500, 210000, '本溪市', 210500, NULL, '2022-11-27 07:30:29', '2022-11-27 07:30:29', 0);
INSERT INTO `dict` VALUES (210600, 210000, '丹东市', 210600, NULL, '2022-11-27 07:30:29', '2022-11-27 07:30:29', 0);
INSERT INTO `dict` VALUES (210700, 210000, '锦州市', 210700, NULL, '2022-11-27 07:30:29', '2022-11-27 07:30:29', 0);
INSERT INTO `dict` VALUES (210800, 210000, '营口市', 210800, NULL, '2022-11-27 07:30:29', '2022-11-27 07:30:29', 0);
INSERT INTO `dict` VALUES (210900, 210000, '阜新市', 210900, NULL, '2022-11-27 07:30:29', '2022-11-27 07:30:29', 0);
INSERT INTO `dict` VALUES (211000, 210000, '辽阳市', 211000, NULL, '2022-11-27 07:30:29', '2022-11-27 07:30:29', 0);
INSERT INTO `dict` VALUES (211100, 210000, '盘锦市', 211100, NULL, '2022-11-27 07:30:29', '2022-11-27 07:30:29', 0);
INSERT INTO `dict` VALUES (211200, 210000, '铁岭市', 211200, NULL, '2022-11-27 07:30:29', '2022-11-27 07:30:29', 0);
INSERT INTO `dict` VALUES (211300, 210000, '朝阳市', 211300, NULL, '2022-11-27 07:30:29', '2022-11-27 07:30:29', 0);
INSERT INTO `dict` VALUES (211400, 210000, '葫芦岛市', 211400, NULL, '2022-11-27 07:30:29', '2022-11-27 07:30:29', 0);
INSERT INTO `dict` VALUES (220000, 86, '吉林省', 220000, NULL, '2022-11-27 07:21:46', '2022-11-27 07:21:46', 0);
INSERT INTO `dict` VALUES (220100, 220000, '长春市', 220100, NULL, '2022-11-27 07:30:53', '2022-11-27 07:30:53', 0);
INSERT INTO `dict` VALUES (220200, 220000, '吉林市', 220200, NULL, '2022-11-27 07:30:53', '2022-11-27 07:30:53', 0);
INSERT INTO `dict` VALUES (220300, 220000, '四平市', 220300, NULL, '2022-11-27 07:30:53', '2022-11-27 07:30:53', 0);
INSERT INTO `dict` VALUES (220400, 220000, '辽源市', 220400, NULL, '2022-11-27 07:30:53', '2022-11-27 07:30:53', 0);
INSERT INTO `dict` VALUES (220500, 220000, '通化市', 220500, NULL, '2022-11-27 07:30:53', '2022-11-27 07:30:53', 0);
INSERT INTO `dict` VALUES (220600, 220000, '白山市', 220600, NULL, '2022-11-27 07:30:53', '2022-11-27 07:30:53', 0);
INSERT INTO `dict` VALUES (220700, 220000, '松原市', 220700, NULL, '2022-11-27 07:30:53', '2022-11-27 07:30:53', 0);
INSERT INTO `dict` VALUES (220800, 220000, '白城市', 220800, NULL, '2022-11-27 07:30:53', '2022-11-27 07:30:53', 0);
INSERT INTO `dict` VALUES (222400, 220000, '延边朝鲜族自治州', 222400, NULL, '2022-11-27 07:30:53', '2022-11-27 07:30:53', 0);
INSERT INTO `dict` VALUES (230000, 86, '黑龙江省', 230000, NULL, '2022-11-27 07:21:46', '2022-11-27 07:21:46', 0);
INSERT INTO `dict` VALUES (230100, 230000, '	\r\n哈尔滨市', 230100, NULL, '2022-11-27 08:10:28', '2022-11-27 08:10:28', 0);
INSERT INTO `dict` VALUES (230200, 230000, '齐齐哈尔市', 230200, NULL, '2022-11-27 08:10:28', '2022-11-27 08:10:28', 0);
INSERT INTO `dict` VALUES (230300, 230000, '鸡西市', 230300, NULL, '2022-11-27 08:10:28', '2022-11-27 08:10:28', 0);
INSERT INTO `dict` VALUES (230400, 230000, '鹤岗市', 230400, NULL, '2022-11-27 08:10:29', '2022-11-27 08:10:29', 0);
INSERT INTO `dict` VALUES (230500, 230000, '双鸭山市', 230500, NULL, '2022-11-27 08:10:29', '2022-11-27 08:10:29', 0);
INSERT INTO `dict` VALUES (230600, 230000, '大庆市', 230600, NULL, '2022-11-27 08:10:29', '2022-11-27 08:10:29', 0);
INSERT INTO `dict` VALUES (230700, 230000, '伊春市', 230700, NULL, '2022-11-27 08:10:29', '2022-11-27 08:10:29', 0);
INSERT INTO `dict` VALUES (230800, 230000, '佳木斯市', 230800, NULL, '2022-11-27 08:10:29', '2022-11-27 08:10:29', 0);
INSERT INTO `dict` VALUES (230900, 230000, '七台河市', 230900, NULL, '2022-11-27 08:10:29', '2022-11-27 08:10:29', 0);
INSERT INTO `dict` VALUES (231000, 230000, '牡丹江市', 231000, NULL, '2022-11-27 08:10:29', '2022-11-27 08:10:29', 0);
INSERT INTO `dict` VALUES (231100, 230000, '黑河市', 231100, NULL, '2022-11-27 08:10:29', '2022-11-27 08:10:29', 0);
INSERT INTO `dict` VALUES (231200, 230000, '绥化市', 231200, NULL, '2022-11-27 08:10:29', '2022-11-27 08:10:29', 0);
INSERT INTO `dict` VALUES (232700, 230000, '大兴安岭地区', 232700, NULL, '2022-11-27 08:10:29', '2022-11-27 08:10:29', 0);
INSERT INTO `dict` VALUES (310000, 86, '上海市', 310000, NULL, '2022-11-27 07:21:46', '2022-12-19 12:16:08', 0);
INSERT INTO `dict` VALUES (310100, 310000, '上海市', 310100, NULL, '2022-11-27 07:31:40', '2022-12-12 14:32:22', 0);
INSERT INTO `dict` VALUES (320000, 86, '江苏省', 320000, NULL, '2022-11-27 07:21:47', '2022-11-27 07:21:47', 0);
INSERT INTO `dict` VALUES (320100, 320000, '南京市', 320100, NULL, '2022-11-27 07:32:20', '2022-11-27 07:32:20', 0);
INSERT INTO `dict` VALUES (320200, 320000, '无锡市', 320200, NULL, '2022-11-27 07:32:20', '2022-11-27 07:32:20', 0);
INSERT INTO `dict` VALUES (320300, 320000, '徐州市', 320300, NULL, '2022-11-27 07:32:20', '2022-11-27 07:32:20', 0);
INSERT INTO `dict` VALUES (320400, 320000, '常州市', 320400, NULL, '2022-11-27 07:32:20', '2022-11-27 07:32:20', 0);
INSERT INTO `dict` VALUES (320500, 320000, '苏州市', 320500, NULL, '2022-11-27 07:32:20', '2022-11-27 07:32:20', 0);
INSERT INTO `dict` VALUES (320600, 320000, '南通市', 320600, NULL, '2022-11-27 07:32:20', '2022-11-27 07:32:20', 0);
INSERT INTO `dict` VALUES (320700, 320000, '连云港市', 320700, NULL, '2022-11-27 07:32:21', '2022-11-27 07:32:21', 0);
INSERT INTO `dict` VALUES (320800, 320000, '淮安市', 320800, NULL, '2022-11-27 07:32:21', '2022-11-27 07:32:21', 0);
INSERT INTO `dict` VALUES (320900, 320000, '盐城市', 320900, NULL, '2022-11-27 07:32:21', '2022-11-27 07:32:21', 0);
INSERT INTO `dict` VALUES (321000, 320000, '扬州市', 321000, NULL, '2022-11-27 07:32:21', '2022-11-27 07:32:21', 0);
INSERT INTO `dict` VALUES (321100, 320000, '镇江市', 321100, NULL, '2022-11-27 07:32:21', '2022-11-27 07:32:21', 0);
INSERT INTO `dict` VALUES (321200, 320000, '泰州市', 321200, NULL, '2022-11-27 07:32:21', '2022-11-27 07:32:21', 0);
INSERT INTO `dict` VALUES (321300, 320000, '宿迁市', 321300, NULL, '2022-11-27 07:32:21', '2022-11-27 07:32:21', 0);
INSERT INTO `dict` VALUES (330000, 86, '浙江省', 330000, NULL, '2022-11-27 07:21:47', '2022-11-27 07:21:47', 0);
INSERT INTO `dict` VALUES (330100, 330000, '杭州市', 330100, NULL, '2022-11-27 07:32:45', '2022-11-27 07:32:45', 0);
INSERT INTO `dict` VALUES (330200, 330000, '宁波市', 330200, NULL, '2022-11-27 07:32:45', '2022-11-27 07:32:45', 0);
INSERT INTO `dict` VALUES (330300, 330000, '温州市', 330300, NULL, '2022-11-27 07:32:45', '2022-11-27 07:32:45', 0);
INSERT INTO `dict` VALUES (330400, 330000, '嘉兴市', 330400, NULL, '2022-11-27 07:32:45', '2022-11-27 07:32:45', 0);
INSERT INTO `dict` VALUES (330500, 330000, '湖州市', 330500, NULL, '2022-11-27 07:32:45', '2022-11-27 07:32:45', 0);
INSERT INTO `dict` VALUES (330600, 330000, '绍兴市', 330600, NULL, '2022-11-27 07:32:45', '2022-11-27 07:32:45', 0);
INSERT INTO `dict` VALUES (330700, 330000, '金华市', 330700, NULL, '2022-11-27 07:32:45', '2022-11-27 07:32:45', 0);
INSERT INTO `dict` VALUES (330800, 330000, '衢州市', 330800, NULL, '2022-11-27 07:32:45', '2022-11-27 07:32:45', 0);
INSERT INTO `dict` VALUES (330900, 330000, '舟山市', 330900, NULL, '2022-11-27 07:32:45', '2022-11-27 07:32:45', 0);
INSERT INTO `dict` VALUES (331000, 330000, '台州市', 331000, NULL, '2022-11-27 07:32:45', '2022-11-27 07:32:45', 0);
INSERT INTO `dict` VALUES (331100, 330000, '丽水市', 331100, NULL, '2022-11-27 07:32:46', '2022-11-27 07:32:46', 0);
INSERT INTO `dict` VALUES (340000, 86, '安徽省', 340000, NULL, '2022-11-27 07:21:47', '2022-11-27 07:21:47', 0);
INSERT INTO `dict` VALUES (340100, 340000, '合肥市', 340100, NULL, '2022-11-27 07:33:10', '2022-11-27 07:33:10', 0);
INSERT INTO `dict` VALUES (340200, 340000, '芜湖市', 340200, NULL, '2022-11-27 07:33:10', '2022-11-27 07:33:10', 0);
INSERT INTO `dict` VALUES (340300, 340000, '蚌埠市', 340300, NULL, '2022-11-27 07:33:11', '2022-11-27 07:33:11', 0);
INSERT INTO `dict` VALUES (340400, 340000, '淮南市', 340400, NULL, '2022-11-27 07:33:11', '2022-11-27 07:33:11', 0);
INSERT INTO `dict` VALUES (340500, 340000, '马鞍山市', 340500, NULL, '2022-11-27 07:33:11', '2022-11-27 07:33:11', 0);
INSERT INTO `dict` VALUES (340600, 340000, '淮北市', 340600, NULL, '2022-11-27 07:33:11', '2022-11-27 07:33:11', 0);
INSERT INTO `dict` VALUES (340700, 340000, '铜陵市', 340700, NULL, '2022-11-27 07:33:11', '2022-11-27 07:33:11', 0);
INSERT INTO `dict` VALUES (340800, 340000, '安庆市', 340800, NULL, '2022-11-27 07:33:11', '2022-11-27 07:33:11', 0);
INSERT INTO `dict` VALUES (341000, 340000, '黄山市', 341000, NULL, '2022-11-27 07:33:11', '2022-11-27 07:33:11', 0);
INSERT INTO `dict` VALUES (341100, 340000, '滁州市', 341100, NULL, '2022-11-27 07:33:11', '2022-11-27 07:33:11', 0);
INSERT INTO `dict` VALUES (341200, 340000, '阜阳市', 341200, NULL, '2022-11-27 07:33:11', '2022-11-27 07:33:11', 0);
INSERT INTO `dict` VALUES (341300, 340000, '宿州市', 341300, NULL, '2022-11-27 07:33:11', '2022-11-27 07:33:11', 0);
INSERT INTO `dict` VALUES (341500, 340000, '六安市', 341500, NULL, '2022-11-27 07:33:11', '2022-11-27 07:33:11', 0);
INSERT INTO `dict` VALUES (341600, 340000, '亳州市', 341600, NULL, '2022-11-27 07:33:12', '2022-11-27 07:33:12', 0);
INSERT INTO `dict` VALUES (341700, 340000, '池州市', 341700, NULL, '2022-11-27 07:33:12', '2022-11-27 07:33:12', 0);
INSERT INTO `dict` VALUES (341800, 340000, '宣城市', 341800, NULL, '2022-11-27 07:33:12', '2022-11-27 07:33:12', 0);
INSERT INTO `dict` VALUES (350000, 86, '福建省', 350000, NULL, '2022-11-27 07:21:47', '2022-11-27 07:21:47', 0);
INSERT INTO `dict` VALUES (350100, 350000, '福州市', 350100, NULL, '2022-11-27 07:33:42', '2022-11-27 07:33:42', 0);
INSERT INTO `dict` VALUES (350200, 350000, '厦门市', 350200, NULL, '2022-11-27 07:33:42', '2022-11-27 07:33:42', 0);
INSERT INTO `dict` VALUES (350300, 350000, '莆田市', 350300, NULL, '2022-11-27 07:33:42', '2022-11-27 07:33:42', 0);
INSERT INTO `dict` VALUES (350400, 350000, '三明市', 350400, NULL, '2022-11-27 07:33:42', '2022-11-27 07:33:42', 0);
INSERT INTO `dict` VALUES (350500, 350000, '泉州市', 350500, NULL, '2022-11-27 07:33:42', '2022-11-27 07:33:42', 0);
INSERT INTO `dict` VALUES (350600, 350000, '漳州市', 350600, NULL, '2022-11-27 07:33:42', '2022-11-27 07:33:42', 0);
INSERT INTO `dict` VALUES (350700, 350000, '南平市', 350700, NULL, '2022-11-27 07:33:42', '2022-11-27 07:33:42', 0);
INSERT INTO `dict` VALUES (350800, 350000, '龙岩市', 350800, NULL, '2022-11-27 07:33:42', '2022-11-27 07:33:42', 0);
INSERT INTO `dict` VALUES (350900, 350000, '宁德市', 350900, NULL, '2022-11-27 07:33:43', '2022-11-27 07:33:43', 0);
INSERT INTO `dict` VALUES (360000, 86, '江西省', 360000, NULL, '2022-11-27 07:21:47', '2022-11-27 07:21:47', 0);
INSERT INTO `dict` VALUES (360100, 360000, '南昌市', 360100, NULL, '2022-11-27 07:34:13', '2022-11-27 07:34:13', 0);
INSERT INTO `dict` VALUES (360200, 360000, '景德镇市', 360200, NULL, '2022-11-27 07:34:13', '2022-11-27 07:34:13', 0);
INSERT INTO `dict` VALUES (360300, 360000, '萍乡市', 360300, NULL, '2022-11-27 07:34:14', '2022-11-27 07:34:14', 0);
INSERT INTO `dict` VALUES (360400, 360000, '九江市', 360400, NULL, '2022-11-27 07:34:14', '2022-11-27 07:34:14', 0);
INSERT INTO `dict` VALUES (360500, 360000, '新余市', 360500, NULL, '2022-11-27 07:34:14', '2022-11-27 07:34:14', 0);
INSERT INTO `dict` VALUES (360600, 360000, '鹰潭市', 360600, NULL, '2022-11-27 07:34:14', '2022-11-27 07:34:14', 0);
INSERT INTO `dict` VALUES (360700, 360000, '赣州市', 360700, NULL, '2022-11-27 07:34:14', '2022-11-27 07:34:14', 0);
INSERT INTO `dict` VALUES (360800, 360000, '吉安市', 360800, NULL, '2022-11-27 07:34:14', '2022-11-27 07:34:14', 0);
INSERT INTO `dict` VALUES (360900, 360000, '宜春市', 360900, NULL, '2022-11-27 07:34:14', '2022-11-27 07:34:14', 0);
INSERT INTO `dict` VALUES (361000, 360000, '抚州市', 361000, NULL, '2022-11-27 07:34:14', '2022-11-27 07:34:14', 0);
INSERT INTO `dict` VALUES (361100, 360000, '上饶市', 361100, NULL, '2022-11-27 07:34:14', '2022-11-27 07:34:14', 0);
INSERT INTO `dict` VALUES (370000, 86, '山东省', 370000, NULL, '2022-11-27 07:21:47', '2022-11-27 07:21:47', 0);
INSERT INTO `dict` VALUES (370100, 370000, '济南市', 370100, NULL, '2022-11-27 07:35:17', '2022-11-27 07:35:17', 0);
INSERT INTO `dict` VALUES (370200, 370000, '青岛市', 370200, NULL, '2022-11-27 07:35:17', '2022-11-27 07:35:17', 0);
INSERT INTO `dict` VALUES (370300, 370000, '淄博市', 370300, NULL, '2022-11-27 07:35:17', '2022-11-27 07:35:17', 0);
INSERT INTO `dict` VALUES (370400, 370000, '枣庄市', 370400, NULL, '2022-11-27 07:35:17', '2022-11-27 07:35:17', 0);
INSERT INTO `dict` VALUES (370500, 370000, '东营市', 370500, NULL, '2022-11-27 07:35:17', '2022-11-27 07:35:17', 0);
INSERT INTO `dict` VALUES (370600, 370000, '烟台市', 370600, NULL, '2022-11-27 07:35:17', '2022-11-27 07:35:17', 0);
INSERT INTO `dict` VALUES (370700, 370000, '潍坊市', 370700, NULL, '2022-11-27 07:35:18', '2022-11-27 07:35:18', 0);
INSERT INTO `dict` VALUES (370800, 370000, '济宁市', 370800, NULL, '2022-11-27 07:35:18', '2022-11-27 07:35:18', 0);
INSERT INTO `dict` VALUES (370900, 370000, '泰安市', 370900, NULL, '2022-11-27 07:35:18', '2022-11-27 07:35:18', 0);
INSERT INTO `dict` VALUES (371000, 370000, '威海市', 371000, NULL, '2022-11-27 07:35:18', '2022-11-27 07:35:18', 0);
INSERT INTO `dict` VALUES (371100, 370000, '日照市', 371100, NULL, '2022-11-27 07:35:18', '2022-11-27 07:35:18', 0);
INSERT INTO `dict` VALUES (371300, 370000, '临沂市', 371300, NULL, '2022-11-27 07:35:18', '2022-11-27 07:35:18', 0);
INSERT INTO `dict` VALUES (371400, 370000, '德州市', 371400, NULL, '2022-11-27 07:35:18', '2022-11-27 07:35:18', 0);
INSERT INTO `dict` VALUES (371500, 370000, '聊城市', 371500, NULL, '2022-11-27 07:35:18', '2022-11-27 07:35:18', 0);
INSERT INTO `dict` VALUES (371600, 370000, '滨州市', 371600, NULL, '2022-11-27 07:35:18', '2022-11-27 07:35:18', 0);
INSERT INTO `dict` VALUES (371700, 370000, '菏泽市', 371700, NULL, '2022-11-27 07:35:18', '2022-11-27 07:35:18', 0);
INSERT INTO `dict` VALUES (410000, 86, '河南省', 410000, NULL, '2022-11-27 07:21:47', '2022-11-27 07:21:47', 0);
INSERT INTO `dict` VALUES (410100, 410000, '郑州市', 410100, NULL, '2022-11-27 07:36:37', '2022-11-27 07:36:37', 0);
INSERT INTO `dict` VALUES (410200, 410000, '开封市', 410200, NULL, '2022-11-27 07:36:37', '2022-11-27 07:36:37', 0);
INSERT INTO `dict` VALUES (410300, 410000, '洛阳市', 410300, NULL, '2022-11-27 07:36:37', '2022-11-27 07:36:37', 0);
INSERT INTO `dict` VALUES (410400, 410000, '平顶山市', 410400, NULL, '2022-11-27 07:36:37', '2022-11-27 07:36:37', 0);
INSERT INTO `dict` VALUES (410500, 410000, '安阳市', 410500, NULL, '2022-11-27 07:36:37', '2022-11-27 07:36:37', 0);
INSERT INTO `dict` VALUES (410600, 410000, '鹤壁市', 410600, NULL, '2022-11-27 07:36:38', '2022-11-27 07:36:38', 0);
INSERT INTO `dict` VALUES (410700, 410000, '新乡市', 410700, NULL, '2022-11-27 07:36:38', '2022-11-27 07:36:38', 0);
INSERT INTO `dict` VALUES (410800, 410000, '焦作市', 410800, NULL, '2022-11-27 07:36:38', '2022-11-27 07:36:38', 0);
INSERT INTO `dict` VALUES (410900, 410000, '濮阳市', 410900, NULL, '2022-11-27 07:36:38', '2022-11-27 07:36:38', 0);
INSERT INTO `dict` VALUES (411000, 410000, '许昌市', 411000, NULL, '2022-11-27 07:36:38', '2022-11-27 07:36:38', 0);
INSERT INTO `dict` VALUES (411100, 410000, '漯河市', 411100, NULL, '2022-11-27 07:36:38', '2022-11-27 07:36:38', 0);
INSERT INTO `dict` VALUES (411200, 410000, '三门峡市', 411200, NULL, '2022-11-27 07:36:38', '2022-11-27 07:36:38', 0);
INSERT INTO `dict` VALUES (411300, 410000, '南阳市', 411300, NULL, '2022-11-27 07:36:38', '2022-11-27 07:36:38', 0);
INSERT INTO `dict` VALUES (411400, 410000, '商丘市', 411400, NULL, '2022-11-27 07:36:38', '2022-11-27 07:36:38', 0);
INSERT INTO `dict` VALUES (411500, 410000, '信阳市', 411500, NULL, '2022-11-27 07:36:38', '2022-11-27 07:36:38', 0);
INSERT INTO `dict` VALUES (411600, 410000, '周口市', 411600, NULL, '2022-11-27 07:36:38', '2022-11-27 07:36:38', 0);
INSERT INTO `dict` VALUES (411700, 410000, '驻马店市', 411700, NULL, '2022-11-27 07:36:38', '2022-11-27 07:36:38', 0);
INSERT INTO `dict` VALUES (419001, 410000, '济源市', 419001, NULL, '2022-11-27 07:37:08', '2022-11-27 07:37:08', 0);
INSERT INTO `dict` VALUES (420000, 86, '湖北省', 420000, NULL, '2022-11-27 07:21:47', '2022-11-27 07:21:47', 0);
INSERT INTO `dict` VALUES (420100, 420000, '武汉市', 420100, NULL, '2022-11-27 07:39:54', '2022-11-27 07:39:54', 0);
INSERT INTO `dict` VALUES (420200, 420000, '黄石市', 420200, NULL, '2022-11-27 07:39:54', '2022-11-27 07:39:54', 0);
INSERT INTO `dict` VALUES (420300, 420000, '十堰市', 420300, NULL, '2022-11-27 07:39:54', '2022-11-27 07:39:54', 0);
INSERT INTO `dict` VALUES (420500, 420000, '宜昌市', 420500, NULL, '2022-11-27 07:39:54', '2022-11-27 07:39:54', 0);
INSERT INTO `dict` VALUES (420600, 420000, '襄阳市', 420600, NULL, '2022-11-27 07:39:54', '2022-11-27 07:39:54', 0);
INSERT INTO `dict` VALUES (420700, 420000, '鄂州市', 420700, NULL, '2022-11-27 07:39:54', '2022-11-27 07:39:54', 0);
INSERT INTO `dict` VALUES (420800, 420000, '荆门市', 420800, NULL, '2022-11-27 07:39:54', '2022-11-27 07:39:54', 0);
INSERT INTO `dict` VALUES (420900, 420000, '孝感市', 420900, NULL, '2022-11-27 07:39:55', '2022-11-27 07:39:55', 0);
INSERT INTO `dict` VALUES (421000, 420000, '荆州市', 421000, NULL, '2022-11-27 07:39:55', '2022-11-27 07:39:55', 0);
INSERT INTO `dict` VALUES (421100, 420000, '黄冈市', 421100, NULL, '2022-11-27 07:39:55', '2022-11-27 07:39:55', 0);
INSERT INTO `dict` VALUES (421200, 420000, '咸宁市', 421200, NULL, '2022-11-27 07:39:55', '2022-11-27 07:39:55', 0);
INSERT INTO `dict` VALUES (421300, 420000, '随州市', 421300, NULL, '2022-11-27 07:39:55', '2022-11-27 07:39:55', 0);
INSERT INTO `dict` VALUES (422800, 420000, '恩施土家族苗族自治州', 422800, NULL, '2022-11-27 07:39:55', '2022-11-27 07:39:55', 0);
INSERT INTO `dict` VALUES (429000, 420000, '省直辖县', 429000, NULL, '2022-11-27 07:39:55', '2022-12-12 14:38:56', 0);
INSERT INTO `dict` VALUES (430000, 86, '湖南省', 430000, NULL, '2022-11-27 07:21:47', '2022-11-27 07:21:47', 0);
INSERT INTO `dict` VALUES (430100, 430000, '长沙市', 430100, NULL, '2022-11-27 07:40:37', '2022-11-27 07:40:37', 0);
INSERT INTO `dict` VALUES (430200, 430000, '株洲市', 430200, NULL, '2022-11-27 07:40:37', '2022-11-27 07:40:37', 0);
INSERT INTO `dict` VALUES (430300, 430000, '湘潭市', 430300, NULL, '2022-11-27 07:40:37', '2022-11-27 07:40:37', 0);
INSERT INTO `dict` VALUES (430400, 430000, '衡阳市', 430400, NULL, '2022-11-27 07:40:37', '2022-11-27 07:40:37', 0);
INSERT INTO `dict` VALUES (430500, 430000, '邵阳市', 430500, NULL, '2022-11-27 07:40:37', '2022-11-27 07:40:37', 0);
INSERT INTO `dict` VALUES (430600, 430000, '岳阳市', 430600, NULL, '2022-11-27 07:40:37', '2022-11-27 07:40:37', 0);
INSERT INTO `dict` VALUES (430700, 430000, '常德市', 430700, NULL, '2022-11-27 07:40:37', '2022-11-27 07:40:37', 0);
INSERT INTO `dict` VALUES (430800, 430000, '张家界市', 430800, NULL, '2022-11-27 07:40:37', '2022-11-27 07:40:37', 0);
INSERT INTO `dict` VALUES (430900, 430000, '益阳市', 430900, NULL, '2022-11-27 07:40:37', '2022-11-27 07:40:37', 0);
INSERT INTO `dict` VALUES (431000, 430000, '郴州市', 431000, NULL, '2022-11-27 07:40:37', '2022-11-27 07:40:37', 0);
INSERT INTO `dict` VALUES (431100, 430000, '永州市', 431100, NULL, '2022-11-27 07:40:37', '2022-11-27 07:40:37', 0);
INSERT INTO `dict` VALUES (431200, 430000, '怀化市', 431200, NULL, '2022-11-27 07:40:37', '2022-11-27 07:40:37', 0);
INSERT INTO `dict` VALUES (431300, 430000, '娄底市', 431300, NULL, '2022-11-27 07:40:38', '2022-11-27 07:40:38', 0);
INSERT INTO `dict` VALUES (433100, 430000, '湘西土家族苗族自治州', 433100, NULL, '2022-11-27 07:40:38', '2022-11-27 07:40:38', 0);
INSERT INTO `dict` VALUES (440000, 86, '广东省', 440000, NULL, '2022-11-27 07:21:47', '2022-11-27 07:21:47', 0);
INSERT INTO `dict` VALUES (440100, 440000, '广州市', 440100, NULL, '2022-11-27 07:42:12', '2022-11-27 07:42:12', 0);
INSERT INTO `dict` VALUES (440200, 440000, '韶关市', 440200, NULL, '2022-11-27 07:42:12', '2022-11-27 07:42:12', 0);
INSERT INTO `dict` VALUES (440300, 440000, '深圳市', 440300, NULL, '2022-11-27 07:42:12', '2022-11-27 07:42:12', 0);
INSERT INTO `dict` VALUES (440400, 440000, '珠海市', 440400, NULL, '2022-11-27 07:42:12', '2022-11-27 07:42:12', 0);
INSERT INTO `dict` VALUES (440500, 440000, '汕头市', 440500, NULL, '2022-11-27 07:42:12', '2022-11-27 07:42:12', 0);
INSERT INTO `dict` VALUES (440600, 440000, '佛山市', 440600, NULL, '2022-11-27 07:42:13', '2022-11-27 07:42:13', 0);
INSERT INTO `dict` VALUES (440700, 440000, '江门市', 440700, NULL, '2022-11-27 07:42:13', '2022-11-27 07:42:13', 0);
INSERT INTO `dict` VALUES (440800, 440000, '湛江市', 440800, NULL, '2022-11-27 07:42:13', '2022-11-27 07:42:13', 0);
INSERT INTO `dict` VALUES (440900, 440000, '茂名市', 440900, NULL, '2022-11-27 07:42:13', '2022-11-27 07:42:13', 0);
INSERT INTO `dict` VALUES (441200, 440000, '肇庆市', 441200, NULL, '2022-11-27 07:42:13', '2022-11-27 07:42:13', 0);
INSERT INTO `dict` VALUES (441300, 440000, '惠州市', 441300, NULL, '2022-11-27 07:42:13', '2022-11-27 07:42:13', 0);
INSERT INTO `dict` VALUES (441400, 440000, '梅州市', 441400, NULL, '2022-11-27 07:42:13', '2022-11-27 07:42:13', 0);
INSERT INTO `dict` VALUES (441500, 440000, '汕尾市', 441500, NULL, '2022-11-27 07:42:13', '2022-11-27 07:42:13', 0);
INSERT INTO `dict` VALUES (441600, 440000, '河源市', 441600, NULL, '2022-11-27 07:42:13', '2022-11-27 07:42:13', 0);
INSERT INTO `dict` VALUES (441700, 440000, '阳江市', 441700, NULL, '2022-11-27 07:42:13', '2022-11-27 07:42:13', 0);
INSERT INTO `dict` VALUES (441800, 440000, '清远市', 441800, NULL, '2022-11-27 07:42:13', '2022-11-27 07:42:13', 0);
INSERT INTO `dict` VALUES (441900, 440000, '东莞市', 441900, NULL, '2022-11-27 07:42:14', '2022-11-27 07:42:14', 0);
INSERT INTO `dict` VALUES (442000, 440000, '中山市', 442000, NULL, '2022-11-27 07:42:14', '2022-11-27 07:42:14', 0);
INSERT INTO `dict` VALUES (445100, 440000, '潮州市', 445100, NULL, '2022-11-27 07:42:14', '2022-11-27 07:42:14', 0);
INSERT INTO `dict` VALUES (445200, 440000, '揭阳市', 445200, NULL, '2022-11-27 07:42:14', '2022-11-27 07:42:14', 0);
INSERT INTO `dict` VALUES (445300, 440000, '云浮市', 445300, NULL, '2022-11-27 07:42:14', '2022-11-27 07:42:14', 0);
INSERT INTO `dict` VALUES (450000, 86, '广西壮族自治区', 450000, NULL, '2022-11-27 07:21:48', '2022-11-27 07:21:48', 0);
INSERT INTO `dict` VALUES (450100, 450000, '南宁市', 450100, NULL, '2022-11-27 07:42:53', '2022-11-27 07:42:53', 0);
INSERT INTO `dict` VALUES (450200, 450000, '柳州市', 450200, NULL, '2022-11-27 07:42:53', '2022-11-27 07:42:53', 0);
INSERT INTO `dict` VALUES (450300, 450000, '桂林市', 450300, NULL, '2022-11-27 07:42:53', '2022-11-27 07:42:53', 0);
INSERT INTO `dict` VALUES (450400, 450000, '梧州市', 450400, NULL, '2022-11-27 07:42:53', '2022-11-27 07:42:53', 0);
INSERT INTO `dict` VALUES (450500, 450000, '北海市', 450500, NULL, '2022-11-27 07:42:53', '2022-11-27 07:42:53', 0);
INSERT INTO `dict` VALUES (450600, 450000, '防城港市', 450600, NULL, '2022-11-27 07:42:53', '2022-11-27 07:42:53', 0);
INSERT INTO `dict` VALUES (450700, 450000, '钦州市', 450700, NULL, '2022-11-27 07:42:54', '2022-11-27 07:42:54', 0);
INSERT INTO `dict` VALUES (450800, 450000, '贵港市', 450800, NULL, '2022-11-27 07:42:54', '2022-11-27 07:42:54', 0);
INSERT INTO `dict` VALUES (450900, 450000, '玉林市', 450900, NULL, '2022-11-27 07:42:54', '2022-11-27 07:42:54', 0);
INSERT INTO `dict` VALUES (451000, 450000, '百色市', 451000, NULL, '2022-11-27 07:42:54', '2022-11-27 07:42:54', 0);
INSERT INTO `dict` VALUES (451100, 450000, '贺州市', 451100, NULL, '2022-11-27 07:42:54', '2022-11-27 07:42:54', 0);
INSERT INTO `dict` VALUES (451200, 450000, '河池市', 451200, NULL, '2022-11-27 07:42:54', '2022-11-27 07:42:54', 0);
INSERT INTO `dict` VALUES (451300, 450000, '来宾市', 451300, NULL, '2022-11-27 07:42:54', '2022-11-27 07:42:54', 0);
INSERT INTO `dict` VALUES (451400, 450000, '崇左市', 451400, NULL, '2022-11-27 07:42:54', '2022-11-27 07:42:54', 0);
INSERT INTO `dict` VALUES (460000, 86, '海南省', 460000, NULL, '2022-11-27 07:21:48', '2022-11-27 07:21:48', 0);
INSERT INTO `dict` VALUES (460100, 460000, '海口市', 460100, NULL, '2022-11-27 07:44:07', '2022-11-27 07:44:07', 0);
INSERT INTO `dict` VALUES (460200, 460000, '三亚市', 460200, NULL, '2022-11-27 07:44:07', '2022-11-27 07:44:07', 0);
INSERT INTO `dict` VALUES (460300, 460000, '三沙市', 460300, NULL, '2022-11-27 07:44:07', '2022-11-27 07:44:07', 0);
INSERT INTO `dict` VALUES (460400, 460000, '儋州市', 460400, NULL, '2022-11-27 07:44:07', '2022-11-27 07:44:07', 0);
INSERT INTO `dict` VALUES (469000, 460000, '省直辖县', 469000, NULL, '2022-11-27 07:44:07', '2022-12-12 14:32:47', 0);
INSERT INTO `dict` VALUES (500000, 86, '重庆市', 500000, NULL, '2022-11-27 07:21:48', '2022-12-19 12:16:16', 0);
INSERT INTO `dict` VALUES (500100, 500000, '重庆市', 500100, NULL, '2022-11-27 07:45:27', '2022-12-12 14:32:35', 0);
INSERT INTO `dict` VALUES (510000, 86, '四川省', 510000, NULL, '2022-11-27 07:21:48', '2022-11-27 07:21:48', 0);
INSERT INTO `dict` VALUES (510100, 510000, '成都市', 510100, NULL, '2022-11-27 07:46:50', '2022-11-27 07:46:50', 0);
INSERT INTO `dict` VALUES (510300, 510000, '自贡市', 510300, NULL, '2022-11-27 07:46:50', '2022-11-27 07:46:50', 0);
INSERT INTO `dict` VALUES (510400, 510000, '攀枝花市', 510400, NULL, '2022-11-27 07:46:50', '2022-11-27 07:46:50', 0);
INSERT INTO `dict` VALUES (510500, 510000, '泸州市', 510500, NULL, '2022-11-27 07:46:50', '2022-11-27 07:46:50', 0);
INSERT INTO `dict` VALUES (510600, 510000, '德阳市', 510600, NULL, '2022-11-27 07:46:50', '2022-11-27 07:46:50', 0);
INSERT INTO `dict` VALUES (510700, 510000, '绵阳市', 510700, NULL, '2022-11-27 07:46:50', '2022-11-27 07:46:50', 0);
INSERT INTO `dict` VALUES (510800, 510000, '广元市', 510800, NULL, '2022-11-27 07:46:51', '2022-11-27 07:46:51', 0);
INSERT INTO `dict` VALUES (510900, 510000, '遂宁市', 510900, NULL, '2022-11-27 07:46:51', '2022-11-27 07:46:51', 0);
INSERT INTO `dict` VALUES (511000, 510000, '内江市', 511000, NULL, '2022-11-27 07:46:51', '2022-11-27 07:46:51', 0);
INSERT INTO `dict` VALUES (511100, 510000, '乐山市', 511100, NULL, '2022-11-27 07:46:51', '2022-11-27 07:46:51', 0);
INSERT INTO `dict` VALUES (511300, 510000, '南充市', 511300, NULL, '2022-11-27 07:46:51', '2022-11-27 07:46:51', 0);
INSERT INTO `dict` VALUES (511400, 510000, '眉山市', 511400, NULL, '2022-11-27 07:46:51', '2022-11-27 07:46:51', 0);
INSERT INTO `dict` VALUES (511500, 510000, '宜宾市', 511500, NULL, '2022-11-27 07:46:51', '2022-11-27 07:46:51', 0);
INSERT INTO `dict` VALUES (511600, 510000, '广安市', 511600, NULL, '2022-11-27 07:46:51', '2022-11-27 07:46:51', 0);
INSERT INTO `dict` VALUES (511700, 510000, '达州市', 511700, NULL, '2022-11-27 07:46:51', '2022-11-27 07:46:51', 0);
INSERT INTO `dict` VALUES (511800, 510000, '雅安市', 511800, NULL, '2022-11-27 07:46:51', '2022-11-27 07:46:51', 0);
INSERT INTO `dict` VALUES (511900, 510000, '巴中市', 511900, NULL, '2022-11-27 07:46:51', '2022-11-27 07:46:51', 0);
INSERT INTO `dict` VALUES (512000, 510000, '资阳市', 512000, NULL, '2022-11-27 07:46:51', '2022-11-27 07:46:51', 0);
INSERT INTO `dict` VALUES (513200, 510000, '阿坝藏族羌族自治州', 513200, NULL, '2022-11-27 07:46:52', '2022-11-27 07:46:52', 0);
INSERT INTO `dict` VALUES (513300, 510000, '甘孜藏族自治州', 513300, NULL, '2022-11-27 07:46:52', '2022-11-27 07:46:52', 0);
INSERT INTO `dict` VALUES (513400, 510000, '凉山彝族自治州', 513400, NULL, '2022-11-27 07:46:52', '2022-11-27 07:46:52', 0);
INSERT INTO `dict` VALUES (520000, 86, '贵州省', 520000, NULL, '2022-11-27 07:21:48', '2022-11-27 07:21:48', 0);
INSERT INTO `dict` VALUES (520100, 520000, '贵阳市', 520100, NULL, '2022-11-27 07:47:13', '2022-11-27 07:47:13', 0);
INSERT INTO `dict` VALUES (520200, 520000, '六盘水市', 520200, NULL, '2022-11-27 07:47:13', '2022-11-27 07:47:13', 0);
INSERT INTO `dict` VALUES (520300, 520000, '遵义市', 520300, NULL, '2022-11-27 07:47:13', '2022-11-27 07:47:13', 0);
INSERT INTO `dict` VALUES (520400, 520000, '安顺市', 520400, NULL, '2022-11-27 07:47:14', '2022-11-27 07:47:14', 0);
INSERT INTO `dict` VALUES (520500, 520000, '毕节市', 520500, NULL, '2022-11-27 07:47:14', '2022-11-27 07:47:14', 0);
INSERT INTO `dict` VALUES (520600, 520000, '铜仁市', 520600, NULL, '2022-11-27 07:47:14', '2022-11-27 07:47:14', 0);
INSERT INTO `dict` VALUES (522300, 520000, '黔西南布依族苗族自治州', 522300, NULL, '2022-11-27 07:47:14', '2022-11-27 07:47:14', 0);
INSERT INTO `dict` VALUES (522600, 520000, '黔东南苗族侗族自治州', 522600, NULL, '2022-11-27 07:47:14', '2022-11-27 07:47:14', 0);
INSERT INTO `dict` VALUES (522700, 520000, '黔南布依族苗族自治州', 522700, NULL, '2022-11-27 07:47:14', '2022-11-27 07:47:14', 0);
INSERT INTO `dict` VALUES (530000, 86, '云南省', 530000, NULL, '2022-11-27 07:21:48', '2022-11-27 07:21:48', 0);
INSERT INTO `dict` VALUES (530100, 530000, '昆明市', 530100, NULL, '2022-11-27 07:47:38', '2022-11-27 07:47:38', 0);
INSERT INTO `dict` VALUES (530300, 530000, '曲靖市', 530300, NULL, '2022-11-27 07:47:39', '2022-11-27 07:47:39', 0);
INSERT INTO `dict` VALUES (530400, 530000, '玉溪市', 530400, NULL, '2022-11-27 07:47:39', '2022-11-27 07:47:39', 0);
INSERT INTO `dict` VALUES (530500, 530000, '保山市', 530500, NULL, '2022-11-27 07:47:39', '2022-11-27 07:47:39', 0);
INSERT INTO `dict` VALUES (530600, 530000, '昭通市', 530600, NULL, '2022-11-27 07:47:39', '2022-11-27 07:47:39', 0);
INSERT INTO `dict` VALUES (530700, 530000, '丽江市', 530700, NULL, '2022-11-27 07:47:39', '2022-11-27 07:47:39', 0);
INSERT INTO `dict` VALUES (530800, 530000, '普洱市', 530800, NULL, '2022-11-27 07:47:39', '2022-11-27 07:47:39', 0);
INSERT INTO `dict` VALUES (530900, 530000, '临沧市', 530900, NULL, '2022-11-27 07:47:39', '2022-11-27 07:47:39', 0);
INSERT INTO `dict` VALUES (532300, 530000, '楚雄彝族自治州', 532300, NULL, '2022-11-27 07:47:39', '2022-11-27 07:47:39', 0);
INSERT INTO `dict` VALUES (532500, 530000, '红河哈尼族彝族自治州', 532500, NULL, '2022-11-27 07:47:39', '2022-11-27 07:47:39', 0);
INSERT INTO `dict` VALUES (532600, 530000, '文山壮族苗族自治州', 532600, NULL, '2022-11-27 07:47:39', '2022-11-27 07:47:39', 0);
INSERT INTO `dict` VALUES (532800, 530000, '西双版纳傣族自治州', 532800, NULL, '2022-11-27 07:47:39', '2022-11-27 07:47:39', 0);
INSERT INTO `dict` VALUES (532900, 530000, '大理白族自治州', 532900, NULL, '2022-11-27 07:47:40', '2022-11-27 07:47:40', 0);
INSERT INTO `dict` VALUES (533100, 530000, '德宏傣族景颇族自治州', 533100, NULL, '2022-11-27 07:47:40', '2022-11-27 07:47:40', 0);
INSERT INTO `dict` VALUES (533300, 530000, '怒江傈僳族自治州', 533300, NULL, '2022-11-27 07:47:40', '2022-11-27 07:47:40', 0);
INSERT INTO `dict` VALUES (533400, 530000, '迪庆藏族自治州', 533400, NULL, '2022-11-27 07:47:40', '2022-11-27 07:47:40', 0);
INSERT INTO `dict` VALUES (540000, 86, '西藏自治区', 540000, NULL, '2022-11-27 07:21:48', '2022-11-27 07:21:48', 0);
INSERT INTO `dict` VALUES (540100, 540000, '拉萨市', 540100, NULL, '2022-11-27 07:47:59', '2022-11-27 07:47:59', 0);
INSERT INTO `dict` VALUES (540200, 540000, '日喀则市', 540200, NULL, '2022-11-27 07:47:59', '2022-11-27 07:47:59', 0);
INSERT INTO `dict` VALUES (540300, 540000, '昌都市', 540300, NULL, '2022-11-27 07:47:59', '2022-11-27 07:47:59', 0);
INSERT INTO `dict` VALUES (540400, 540000, '林芝市', 540400, NULL, '2022-11-27 07:47:59', '2022-11-27 07:47:59', 0);
INSERT INTO `dict` VALUES (540500, 540000, '山南市', 540500, NULL, '2022-11-27 07:47:59', '2022-11-27 07:47:59', 0);
INSERT INTO `dict` VALUES (540600, 540000, '那曲市', 540600, NULL, '2022-11-27 07:47:59', '2022-11-27 07:47:59', 0);
INSERT INTO `dict` VALUES (542500, 540000, '阿里地区', 542500, NULL, '2022-11-27 07:47:59', '2022-11-27 07:47:59', 0);
INSERT INTO `dict` VALUES (610000, 86, '陕西省', 610000, NULL, '2022-11-27 07:21:48', '2022-11-27 07:21:48', 0);
INSERT INTO `dict` VALUES (610100, 610000, '西安市', 610100, NULL, '2022-11-27 08:11:59', '2022-11-27 08:11:59', 0);
INSERT INTO `dict` VALUES (610200, 610000, '铜川市', 610200, NULL, '2022-11-27 08:13:11', '2022-11-27 08:13:11', 0);
INSERT INTO `dict` VALUES (610300, 610000, '	\r\n宝鸡市', 610300, NULL, '2022-11-27 08:12:27', '2022-11-27 08:12:27', 0);
INSERT INTO `dict` VALUES (610400, 610000, '	\r\n咸阳市', 610400, NULL, '2022-11-27 08:12:51', '2022-11-27 08:12:51', 0);
INSERT INTO `dict` VALUES (610500, 610000, '渭南市', 610500, NULL, '2022-11-27 08:13:39', '2022-11-27 08:13:39', 0);
INSERT INTO `dict` VALUES (610600, 610000, '	\r\n延安市', 610600, NULL, '2022-11-27 08:14:07', '2022-11-27 08:14:07', 0);
INSERT INTO `dict` VALUES (610700, 610000, '汉中市', 610700, NULL, '2022-11-27 08:15:05', '2022-11-27 08:15:05', 0);
INSERT INTO `dict` VALUES (610800, 610000, '榆林市', 610800, NULL, '2022-11-27 08:14:44', '2022-11-27 08:14:44', 0);
INSERT INTO `dict` VALUES (610900, 610000, '安康市', 610900, NULL, '2022-11-27 08:15:24', '2022-11-27 08:15:24', 0);
INSERT INTO `dict` VALUES (611000, 610000, '	\r\n商洛市', 611000, NULL, '2022-11-27 08:15:36', '2022-11-27 08:15:36', 0);
INSERT INTO `dict` VALUES (620000, 86, '甘肃省', 620000, NULL, '2022-11-27 07:21:48', '2022-11-27 07:21:48', 0);
INSERT INTO `dict` VALUES (620100, 620000, '兰州市', 620100, NULL, '2022-11-27 07:48:44', '2022-11-27 07:48:44', 0);
INSERT INTO `dict` VALUES (620200, 620000, '嘉峪关市', 620200, NULL, '2022-11-27 07:48:44', '2022-11-27 07:48:44', 0);
INSERT INTO `dict` VALUES (620300, 620000, '金昌市', 620300, NULL, '2022-11-27 07:48:44', '2022-11-27 07:48:44', 0);
INSERT INTO `dict` VALUES (620400, 620000, '白银市', 620400, NULL, '2022-11-27 07:48:44', '2022-11-27 07:48:44', 0);
INSERT INTO `dict` VALUES (620500, 620000, '天水市', 620500, NULL, '2022-11-27 07:48:44', '2022-11-27 07:48:44', 0);
INSERT INTO `dict` VALUES (620600, 620000, '武威市', 620600, NULL, '2022-11-27 07:48:44', '2022-11-27 07:48:44', 0);
INSERT INTO `dict` VALUES (620700, 620000, '张掖市', 620700, NULL, '2022-11-27 07:48:44', '2022-11-27 07:48:44', 0);
INSERT INTO `dict` VALUES (620800, 620000, '平凉市', 620800, NULL, '2022-11-27 07:48:44', '2022-11-27 07:48:44', 0);
INSERT INTO `dict` VALUES (620900, 620000, '酒泉市', 620900, NULL, '2022-11-27 07:48:45', '2022-11-27 07:48:45', 0);
INSERT INTO `dict` VALUES (621000, 620000, '庆阳市', 621000, NULL, '2022-11-27 07:48:45', '2022-11-27 07:48:45', 0);
INSERT INTO `dict` VALUES (621100, 620000, '定西市', 621100, NULL, '2022-11-27 07:48:45', '2022-11-27 07:48:45', 0);
INSERT INTO `dict` VALUES (621200, 620000, '陇南市', 621200, NULL, '2022-11-27 07:48:45', '2022-11-27 07:48:45', 0);
INSERT INTO `dict` VALUES (622900, 620000, '临夏回族自治州', 622900, NULL, '2022-11-27 07:48:45', '2022-11-27 07:48:45', 0);
INSERT INTO `dict` VALUES (623000, 620000, '甘南藏族自治州', 623000, NULL, '2022-11-27 07:48:45', '2022-11-27 07:48:45', 0);
INSERT INTO `dict` VALUES (630000, 86, '青海省', 630000, NULL, '2022-11-27 07:21:48', '2022-11-27 07:21:48', 0);
INSERT INTO `dict` VALUES (630100, 630000, '西宁市', 630100, NULL, '2022-11-27 07:49:10', '2022-11-27 07:49:10', 0);
INSERT INTO `dict` VALUES (630200, 630000, '海东市', 630200, NULL, '2022-11-27 07:49:10', '2022-11-27 07:49:10', 0);
INSERT INTO `dict` VALUES (632200, 630000, '海北藏族自治州', 632200, NULL, '2022-11-27 07:49:10', '2022-11-27 07:49:10', 0);
INSERT INTO `dict` VALUES (632300, 630000, '黄南藏族自治州', 632300, NULL, '2022-11-27 07:49:10', '2022-11-27 07:49:10', 0);
INSERT INTO `dict` VALUES (632500, 630000, '海南藏族自治州', 632500, NULL, '2022-11-27 07:49:10', '2022-11-27 07:49:10', 0);
INSERT INTO `dict` VALUES (632600, 630000, '果洛藏族自治州', 632600, NULL, '2022-11-27 07:49:10', '2022-11-27 07:49:10', 0);
INSERT INTO `dict` VALUES (632700, 630000, '玉树藏族自治州', 632700, NULL, '2022-11-27 07:49:11', '2022-11-27 07:49:11', 0);
INSERT INTO `dict` VALUES (632800, 630000, '海西蒙古族藏族自治州', 632800, NULL, '2022-11-27 07:49:11', '2022-11-27 07:49:11', 0);
INSERT INTO `dict` VALUES (640000, 86, '宁夏回族自治区', 640000, NULL, '2022-11-27 07:21:48', '2022-11-27 07:21:48', 0);
INSERT INTO `dict` VALUES (640100, 640000, '银川市', 640100, NULL, '2022-11-27 07:50:13', '2022-11-27 07:50:13', 0);
INSERT INTO `dict` VALUES (640200, 640000, '石嘴山市', 640200, NULL, '2022-11-27 07:50:14', '2022-11-27 07:50:14', 0);
INSERT INTO `dict` VALUES (640300, 640000, '吴忠市', 640300, NULL, '2022-11-27 07:50:14', '2022-11-27 07:50:14', 0);
INSERT INTO `dict` VALUES (640400, 640000, '固原市', 640400, NULL, '2022-11-27 07:50:14', '2022-11-27 07:50:14', 0);
INSERT INTO `dict` VALUES (640500, 640000, '中卫市', 640500, NULL, '2022-11-27 07:50:14', '2022-11-27 07:50:14', 0);
INSERT INTO `dict` VALUES (650000, 86, '新疆维吾尔自治区', 650000, NULL, '2022-11-27 07:21:49', '2022-11-27 07:21:49', 0);
INSERT INTO `dict` VALUES (650100, 650000, '乌鲁木齐市', 650100, NULL, '2022-11-27 07:51:19', '2022-11-27 07:51:19', 0);
INSERT INTO `dict` VALUES (650200, 650000, '克拉玛依市', 650200, NULL, '2022-11-27 07:51:19', '2022-11-27 07:51:19', 0);
INSERT INTO `dict` VALUES (650400, 650000, '吐鲁番市', 650400, NULL, '2022-11-27 07:51:19', '2022-11-27 07:51:19', 0);
INSERT INTO `dict` VALUES (650500, 650000, '哈密市', 650500, NULL, '2022-11-27 07:51:19', '2022-11-27 07:51:19', 0);
INSERT INTO `dict` VALUES (652300, 650000, '昌吉回族自治州', 652300, NULL, '2022-11-27 07:51:19', '2022-11-27 07:51:19', 0);
INSERT INTO `dict` VALUES (652700, 650000, '博尔塔拉蒙古自治州', 652700, NULL, '2022-11-27 07:51:19', '2022-11-27 07:51:19', 0);
INSERT INTO `dict` VALUES (652800, 650000, '巴音郭楞蒙古自治州', 652800, NULL, '2022-11-27 07:51:19', '2022-11-27 07:51:19', 0);
INSERT INTO `dict` VALUES (652900, 650000, '阿克苏地区', 652900, NULL, '2022-11-27 07:51:19', '2022-11-27 07:51:19', 0);
INSERT INTO `dict` VALUES (653000, 650000, '克孜勒苏柯尔克孜自治州', 653000, NULL, '2022-11-27 07:51:19', '2022-11-27 07:51:19', 0);
INSERT INTO `dict` VALUES (653100, 650000, '喀什地区', 653100, NULL, '2022-11-27 07:51:19', '2022-11-27 07:51:19', 0);
INSERT INTO `dict` VALUES (653200, 650000, '和田地区', 653200, NULL, '2022-11-27 07:51:20', '2022-11-27 07:51:20', 0);
INSERT INTO `dict` VALUES (654000, 650000, '伊犁哈萨克自治州', 654000, NULL, '2022-11-27 07:51:20', '2022-11-27 07:51:20', 0);
INSERT INTO `dict` VALUES (654200, 650000, '塔城地区', 654200, NULL, '2022-11-27 07:51:20', '2022-11-27 07:51:20', 0);
INSERT INTO `dict` VALUES (654300, 650000, '阿勒泰地区', 654300, NULL, '2022-11-27 07:51:20', '2022-11-27 07:51:20', 0);
INSERT INTO `dict` VALUES (659000, 650000, '自治区直辖县', 659000, NULL, '2022-11-27 07:51:20', '2022-12-12 14:33:09', 0);
INSERT INTO `dict` VALUES (710000, 86, '台湾省', 710000, NULL, '2022-11-27 07:21:49', '2022-11-27 07:21:49', 0);
INSERT INTO `dict` VALUES (710100, 710000, '台北市', 710100, NULL, '2022-11-27 07:53:59', '2022-11-27 07:53:59', 0);
INSERT INTO `dict` VALUES (710200, 710000, '高雄市', 710200, NULL, '2022-11-27 07:53:59', '2022-11-27 07:53:59', 0);
INSERT INTO `dict` VALUES (710300, 710000, '基隆市', 710300, NULL, '2022-11-27 07:53:59', '2022-11-27 07:53:59', 0);
INSERT INTO `dict` VALUES (710400, 710000, '台中市', 710400, NULL, '2022-11-27 07:53:59', '2022-11-27 07:53:59', 0);
INSERT INTO `dict` VALUES (710500, 710000, '台南市', 710500, NULL, '2022-11-27 07:53:59', '2022-11-27 07:53:59', 0);
INSERT INTO `dict` VALUES (710600, 710000, '新竹市', 710600, NULL, '2022-11-27 07:53:59', '2022-11-27 07:53:59', 0);
INSERT INTO `dict` VALUES (710700, 710000, '嘉义市', 710700, NULL, '2022-11-27 07:54:00', '2022-11-27 07:54:00', 0);
INSERT INTO `dict` VALUES (710800, 710000, '新北市', 710800, NULL, '2022-11-27 07:54:17', '2022-11-27 07:54:27', 0);
INSERT INTO `dict` VALUES (710900, 710000, '桃园市', 710900, NULL, '2022-11-27 07:55:03', '2022-11-27 07:55:03', 0);
INSERT INTO `dict` VALUES (810000, 86, '香港特别行政区', 810000, NULL, '2022-11-27 07:21:49', '2022-12-19 12:16:20', 0);
INSERT INTO `dict` VALUES (810100, 810000, '香港特别行政区', 810100, NULL, '2022-11-27 07:58:12', '2022-12-12 14:33:19', 0);
INSERT INTO `dict` VALUES (820000, 86, '澳门特别行政区', 820000, NULL, '2022-11-27 07:21:49', '2022-12-19 12:16:23', 0);
INSERT INTO `dict` VALUES (820100, 820000, '澳门特别行政区', 820100, NULL, '2022-11-27 08:00:51', '2022-12-12 14:33:22', 0);

-- ----------------------------
-- Table structure for festival
-- ----------------------------
DROP TABLE IF EXISTS `festival`;
CREATE TABLE `festival`  (
  `id` bigint(20) NOT NULL AUTO_INCREMENT COMMENT 'id',
  `city_id` bigint(20) NOT NULL DEFAULT 0 COMMENT '城市id',
  `name` varchar(50) CHARACTER SET utf8 COLLATE utf8_general_ci NOT NULL DEFAULT '' COMMENT '节日名称',
  `pinyin` varchar(50) CHARACTER SET utf8 COLLATE utf8_general_ci NOT NULL COMMENT '节日拼音',
  `intro` varchar(255) CHARACTER SET utf8 COLLATE utf8_general_ci NOT NULL DEFAULT '' COMMENT '节日介绍',
  `address` varchar(255) CHARACTER SET utf8 COLLATE utf8_general_ci NOT NULL DEFAULT '' COMMENT '地点',
  `date` varchar(100) CHARACTER SET utf8 COLLATE utf8_general_ci NOT NULL DEFAULT '' COMMENT '日期',
  `create_time` timestamp(0) NOT NULL DEFAULT CURRENT_TIMESTAMP(0) COMMENT '创建时间',
  `update_time` timestamp(0) NOT NULL DEFAULT CURRENT_TIMESTAMP(0) COMMENT '更新时间',
  `is_deleted` tinyint(3) NOT NULL DEFAULT 0 COMMENT '删除标记（0:可用，1:不可用）',
  PRIMARY KEY (`id`) USING BTREE
) ENGINE = InnoDB AUTO_INCREMENT = 20000007 CHARACTER SET = utf8 COLLATE = utf8_general_ci ROW_FORMAT = Dynamic;

-- ----------------------------
-- Records of festival
-- ----------------------------
INSERT INTO `festival` VALUES (20000001, 530700, '棒棒会', 'BANGBANGHUI', '也叫“农具会”、“弥勒会”、“米拉会”。节日期间，丽江城内人流如潮，街道上摆满了交易的竹、木、铁农具以及果树苗木、花卉等。棒棒会原为佛教庙会，清朝后演变为农具、木器等的交易会。', '丽江大研古城内', '每年正月十五', '2022-12-09 08:50:55', '2022-12-22 16:02:10', 0);
INSERT INTO `festival` VALUES (20000002, 530700, '三朵节', 'SANDUOJIE', '三朵节是纳西族最盛大的传统节日，届时丽江城乡中古乐长奏，纳西人载歌载舞，还会带着火锅到拉市海等风景秀丽的地方野餐，以此来欢庆节日。', '丽江各城乡、拉市海等地', '二月初八', '2022-12-09 08:51:30', '2022-12-22 16:03:07', 0);
INSERT INTO `festival` VALUES (20000003, 530700, '丽江纳西族的火把节', 'LIJIANGNAXIZUDEHUOBAJIE', '纳西人按古规一连要过三天火把节，点三个晚上的火把。每天门前要点一支大火把，寨子里的青年们拿着小火把，沿着田埂、山路，边走边唱，直到深夜。火把燃得越旺，就越吉利，人们越高兴。', '丽江大研古城', '农历 6 月 25-27 日', '2022-12-09 08:51:39', '2022-12-22 16:04:00', 0);
INSERT INTO `festival` VALUES (20000004, 530700, '丽江七月会', 'LIJIANGQIYUEHUI', '又称“七月骤马会”，历史悠久。节日期间，纳西人牵着牲口，带着农副土特产和各种中药材，来到大研古城赶会。届时还有节目表演，非常热闹。', '丽江古城四方街、新大街等地', '农历七月中旬（持续 15 天左右）', '2022-12-09 08:51:57', '2022-12-22 16:04:22', 0);
INSERT INTO `festival` VALUES (20000005, 530700, '丽江转山节', 'LIJIANGZHUANSHANJIE', '又称转山会，是摩梭族朝拜格姆女神山的节日，是泸沽湖摩梭人最盛大的节日。节日期间，摩梭人都穿上最华丽的民族服装，到山上烧香磕头，悬挂彩色经幡，敬献供品，祈求女神福佑。还有歌舞、射箭、结交阿夏等活动。', '泸沽湖', '农历 7 月 25 日', '2022-12-09 08:52:22', '2022-12-22 16:04:46', 0);
INSERT INTO `festival` VALUES (20000006, 530700, '东巴会', 'DONGBAHUI', '节日期间，东巴们早早来到玉水寨东巴什罗殿，点燃香炉，烧大香，祭拜神灵和祖先，祭拜东巴始祖东巴什罗，并且诵经，做法事。东巴会也是各地东巴 \" 比武 \"，展示各自才华、技艺的机会。各地的东巴还会在一起诵东巴经，跳东巴舞。', '丽江玉水寨', '农历 3 月 5 日', '2022-12-09 08:52:31', '2022-12-22 16:04:56', 0);

-- ----------------------------
-- Table structure for hospital_info
-- ----------------------------
DROP TABLE IF EXISTS `hospital_info`;
CREATE TABLE `hospital_info`  (
  `id` bigint(20) NOT NULL AUTO_INCREMENT COMMENT 'id',
  `info_id` bigint(20) NOT NULL DEFAULT 0 COMMENT '实用信息id',
  `name` varchar(50) CHARACTER SET utf8 COLLATE utf8_general_ci NOT NULL DEFAULT '' COMMENT '电话名称',
  `address` varchar(200) CHARACTER SET utf8 COLLATE utf8_general_ci NOT NULL DEFAULT '' COMMENT '医院地址',
  `phone` varchar(30) CHARACTER SET utf8 COLLATE utf8_general_ci NOT NULL DEFAULT '' COMMENT '联系电话',
  `create_time` timestamp(0) NOT NULL DEFAULT CURRENT_TIMESTAMP(0) COMMENT '创建时间',
  `update_time` timestamp(0) NOT NULL DEFAULT CURRENT_TIMESTAMP(0) COMMENT '更新时间',
  `is_deleted` tinyint(3) NOT NULL DEFAULT 0 COMMENT '删除标记（0:可用，1:不可用）',
  PRIMARY KEY (`id`) USING BTREE
) ENGINE = InnoDB AUTO_INCREMENT = 90000005 CHARACTER SET = utf8 COLLATE = utf8_general_ci ROW_FORMAT = Dynamic;

-- ----------------------------
-- Records of hospital_info
-- ----------------------------
INSERT INTO `hospital_info` VALUES (90000001, 70000005, '厦门中山医院', '厦门市开元区湖滨南路 201-209 号', '0592-2292210', '2022-12-09 09:43:50', '2022-12-09 09:43:50', 0);
INSERT INTO `hospital_info` VALUES (90000002, 70000005, '厦门大学附属第一医院', '厦门市思明区镇海路 55 号，近中山公园', '0592-2137177', '2022-12-09 09:44:14', '2022-12-09 09:44:14', 0);
INSERT INTO `hospital_info` VALUES (90000003, 70000005, '厦门市妇幼保健院', '厦门市镇海路 10 号厦门市妇幼保健院门诊综合楼 1 号楼', '0592-2662020', '2022-12-09 09:44:37', '2022-12-09 09:44:37', 0);
INSERT INTO `hospital_info` VALUES (90000004, 70000010, '丽江市人民医院', '古城区福慧路 526 号', '0888-5185053', '2022-12-09 09:45:15', '2022-12-09 09:45:15', 0);

-- ----------------------------
-- Table structure for hotel
-- ----------------------------
DROP TABLE IF EXISTS `hotel`;
CREATE TABLE `hotel`  (
  `id` bigint(20) NOT NULL AUTO_INCREMENT COMMENT 'id',
  `city_id` bigint(20) NOT NULL DEFAULT 0 COMMENT '城市id',
  `name` varchar(50) CHARACTER SET utf8 COLLATE utf8_general_ci NOT NULL DEFAULT '' COMMENT '酒店名称',
  `pinyin` varchar(50) CHARACTER SET utf8 COLLATE utf8_general_ci NOT NULL COMMENT '拼音',
  `intro` varchar(255) CHARACTER SET utf8 COLLATE utf8_general_ci NOT NULL DEFAULT '' COMMENT '酒店介绍',
  `cover_img` varchar(100) CHARACTER SET utf8 COLLATE utf8_general_ci NOT NULL DEFAULT '' COMMENT '封面图片',
  `address` varchar(200) CHARACTER SET utf8 COLLATE utf8_general_ci NOT NULL DEFAULT '' COMMENT '地址',
  `phone` varchar(30) CHARACTER SET utf8 COLLATE utf8_general_ci NOT NULL DEFAULT '' COMMENT '联系方式',
  `price` bigint(20) NOT NULL DEFAULT 0 COMMENT '参考价格',
  `create_time` timestamp(0) NOT NULL DEFAULT CURRENT_TIMESTAMP(0) COMMENT '创建时间',
  `update_time` timestamp(0) NOT NULL DEFAULT CURRENT_TIMESTAMP(0) COMMENT '更新时间',
  `is_deleted` tinyint(3) NOT NULL DEFAULT 0 COMMENT '删除标记（0:可用，1:不可用）',
  PRIMARY KEY (`id`) USING BTREE
) ENGINE = InnoDB AUTO_INCREMENT = 30000006 CHARACTER SET = utf8 COLLATE = utf8_general_ci ROW_FORMAT = Dynamic;

-- ----------------------------
-- Records of hotel
-- ----------------------------
INSERT INTO `hotel` VALUES (30000001, 350200, '厦门里约酒店', 'LIYUEJIUDIAN', '酒店营业面积600平方米，坐落于厦门繁华的中山路步行街地段，是一家以时尚、科技、环保、年轻化为主题的酒店。“舒适型睡眠床”以其功能完备、私密性强、舒适、安全、低碳环保，为享受便捷生活提供了很好的选择。内设豪华套间，配套设施齐全。交通便利，环境舒适，为您在繁华都市中打造舒适、便捷、高性价比的居所。', 'ef17a1cc-7bb2-4b3d-a68a-02f1778bb20b.jpg', '厦门市思明区中山路中山海景广场110-138号', '18020718773', 77, '2022-12-09 09:04:22', '2022-12-09 09:04:22', 0);
INSERT INTO `hotel` VALUES (30000002, 350200, '厦门阳光海韵精品客栈', 'YANGGUANGHAIYUNJINGPINKEZHAN', '厦门阳光海韵精品客栈-位于美丽的环岛路珍珠湾海滩旁，步行三分钟即可到达美丽的海滩，与大海相拥相吻，享受与大海的曼妙时光。 客栈东邻曾厝垵美食街，音乐广场。西邻胡里山炮台，厦门大学和南普陀寺。毗邻中山路和鼓浪屿等热门景点。', '374b5bf3-9142-490b-a5cc-e18d9160c9b3.jpg', '厦门市思明区曾厝垵村仓里路6号', '15305025968', 138, '2022-12-09 09:05:09', '2022-12-09 09:05:09', 0);
INSERT INTO `hotel` VALUES (30000003, 350200, '厦门格菲酒店', 'GEFEIJIUDIAN', '格菲厦门大学环岛路酒店，地处厦门市思明区厦港街道（厦门岛古渔港），毗邻千年古刹南普陀寺，与百年名校厦门大学直线距离不到100米。从酒店出发，可轻松步行至南普陀寺、厦门大学、环岛路沙滩、演武大桥观景平台、世贸海峡大厦（双子塔）、猫街、沙坡尾、华侨博物馆，与美丽的鼓浪屿隔海相望。乘车前往中山路步行街、胡里山炮台、曾厝垵、万石植物园等景点均在5-10分钟路程；前往国际邮轮中心码头、地铁1号线镇海路站、高崎机场，均有直达的公 交车和机场大巴，交通十分便利。', '2612928e-d35a-451a-869a-d0e18bf95768.jpg', '厦门市思明区下沃仔13号（原格林豪泰厦门大学店）', '0592-2353333', 157, '2022-12-09 09:12:50', '2022-12-09 09:12:50', 0);
INSERT INTO `hotel` VALUES (30000004, 530700, '丽江明月松间客栈', 'MINGYUESONGJIANKEZHAN', '这个民宿，由一套旧民居改建而成，一栋小楼保留了原住民的木结构，在白墙的衬托下显现出沧桑的古朴之气，明净的风格带着些村野气息，与环境相融相生。 一方天井，几株芭蕉，日式庭院，竹影中，可以品茶、饮酒、讲故事。 小院有四季花草，姹紫嫣红，每日与花香为伴，不问世事悲喜。 丽江的阳光是亮白色的，古镇的时光是软软的、生活是暖暖的，在丽江，好像什么事情都能简单。', '9ee5e0fe-83be-46ed-bf71-4f8bf8657e06.jpg', '丽江市古城区大研街道义尚社区文明村271号（近木府，临街）', '18066620009', 116, '2022-12-09 09:07:50', '2022-12-22 16:08:40', 0);
INSERT INTO `hotel` VALUES (30000005, 530700, '一朵民宿', 'YIDUOMINSU', '泸沽湖·一朵湖景民宿位于丽江泸沽湖风景区-蒗放村吕家湾码头旁，远眺格姆女神山，视野开阔，湖光山色，两照相宜 民宿紧挨环湖公路，交通便捷，地处原住民村落，人文自然氛围浓厚。清幽恬静的码头，岸边停泊着五彩绚丽当地特色的猪槽船，船夫的一撑一动引领着你把泸沽湖风景尽收眼底 民宿整体北欧风格', '743a2a19-24bf-45de-aed1-ddfc432bacb1.jpg', '丽江市宁蒗彝族自治县泸沽湖吕家湾码头', '18308887855', 135, '2022-12-09 09:06:20', '2022-12-09 09:06:20', 0);

-- ----------------------------
-- Table structure for post
-- ----------------------------
DROP TABLE IF EXISTS `post`;
CREATE TABLE `post`  (
  `id` bigint(20) NOT NULL AUTO_INCREMENT,
  `user_id` bigint(20) NOT NULL COMMENT '用户id',
  `nick_name` varchar(50) CHARACTER SET utf8 COLLATE utf8_general_ci NOT NULL COMMENT '用户名称',
  `avatar_url` varchar(100) CHARACTER SET utf8 COLLATE utf8_general_ci NOT NULL COMMENT '用户头像',
  `cover_img` varchar(100) CHARACTER SET utf8 COLLATE utf8_general_ci NOT NULL COMMENT '封面图片',
  `title` varchar(100) CHARACTER SET utf8 COLLATE utf8_general_ci NOT NULL COMMENT '标题',
  `content` text CHARACTER SET utf8 COLLATE utf8_general_ci NOT NULL COMMENT '内容',
  `post_imgs` text CHARACTER SET utf8 COLLATE utf8_general_ci NOT NULL COMMENT '帖子图片',
  `praise_num` bigint(20) NOT NULL DEFAULT 0 COMMENT '点赞量',
  `comments_num` bigint(20) NOT NULL DEFAULT 0 COMMENT '评论量',
  `reading_num` bigint(20) NOT NULL DEFAULT 0 COMMENT '阅览量',
  `create_time` timestamp(0) NOT NULL DEFAULT CURRENT_TIMESTAMP(0) COMMENT '创建时间',
  `update_time` timestamp(0) NOT NULL DEFAULT CURRENT_TIMESTAMP(0) COMMENT '修改时间',
  `is_deleted` tinyint(3) NOT NULL DEFAULT 0 COMMENT '删除标记（0:可用，1:不可用）',
  PRIMARY KEY (`id`) USING BTREE
) ENGINE = InnoDB AUTO_INCREMENT = 31 CHARACTER SET = utf8 COLLATE = utf8_general_ci ROW_FORMAT = Dynamic;

-- ----------------------------
-- Records of post
-- ----------------------------
INSERT INTO `post` VALUES (20, 1000000001, '张三', '2.png', '10123324-19ce-4d0c-bd96-f0aa819b3a92.jpg', '帖子测试', '帖子发布测试', 'ea484a22-8503-45ef-9764-e64f9033f68d.jpg,7e2704a2-4474-4c69-9622-9e4bcf010500.jpg,3ef4ca8b-934d-4f30-beea-7248f417abc6.png', 1, 1, 3, '2023-03-07 15:29:18', '2023-03-07 15:29:18', 0);
INSERT INTO `post` VALUES (23, 1000000002, '李四', 'e09178cd-e7a5-4d70-a073-69a9dc10399e.jpg', '17c1231d-910f-4de8-a7d6-9d74bdac6652.jpg', '用户游记发布测试', '游记发布测试1\n游记发布测试2\n游记发布测试3\n游记发布测试4', '6de009fc-b57e-41d3-be23-bfa66f890fd9.jpg,b6fb839e-80a7-4811-a2c6-53a8a3334eb6.jpg,612c8351-75f2-4c9a-86e5-72686491cffe.jpg,b9b74adf-a96b-416d-854d-0dbf34f8539b.jpg,1f5e3231-b358-4d0c-8532-e4380f658c8d.jpg', 0, 1, 1, '2023-04-13 22:45:02', '2023-04-13 22:45:02', 1);
INSERT INTO `post` VALUES (24, 1000000002, '李四', '759b8ab6-e06c-4f7b-8fdb-0b0faf3fa61f.jpg', '5b7ff030-a2be-4047-9962-480096d20b82.jpg', '游记1', '阿达舒服', '0fa1f771-bdf7-4a2b-a8e0-16f10941bfe1.jpg', 0, 0, 0, '2023-04-14 12:05:23', '2023-04-14 12:05:23', 0);
INSERT INTO `post` VALUES (25, 1000000002, '李四', '759b8ab6-e06c-4f7b-8fdb-0b0faf3fa61f.jpg', '59c85756-2223-43f3-b434-98ffe3897214.jpg', '游记2', '12312312', 'a3033619-f91f-4952-b708-2a37028d0813.png,37ceb278-b4a7-46b0-b8fa-8848ea78c185.png', 0, 0, 1, '2023-04-14 12:10:00', '2023-04-14 12:10:00', 1);
INSERT INTO `post` VALUES (26, 1000000002, '李四', '759b8ab6-e06c-4f7b-8fdb-0b0faf3fa61f.jpg', '3c2745fb-d0ad-4977-b542-70982eb321c3.jpg', '游记测试3', '12341423423', '514e9cc5-6bba-471f-97df-9b1b90f8d34f.png', 0, 0, 0, '2023-04-14 12:14:13', '2023-04-14 12:14:13', 0);
INSERT INTO `post` VALUES (27, 1000000002, '李四', '759b8ab6-e06c-4f7b-8fdb-0b0faf3fa61f.jpg', 'e09e2557-cd4d-40c6-987d-5dd830d2dfd4.jpg', '游记测试4', '是的发生的方法噶', 'da963551-d320-497e-b3d3-6a03a0c6c833.jpg,175685d7-436f-461c-addb-620f49c8d89a.jpg', 1, 0, 0, '2023-04-14 12:15:22', '2023-04-14 12:15:22', 0);
INSERT INTO `post` VALUES (28, 1000000001, '张三', '2.png', 'eaf26c32-5b1e-4342-962c-4ca11ba49e80.jpg', '游记发布', '游记内容测试', '7ef85e26-7122-414b-95d0-7ce251a3fde4.jpg', 1, 2, 2, '2023-04-27 17:03:49', '2023-04-27 17:03:49', 0);
INSERT INTO `post` VALUES (29, 1000000003, '王五', 'e226ee56-fdf7-408c-8a68-9873de9b6444.jpg', '46239795-27cb-4e07-ab0f-b11ff5b92181.jpg', '王五游记发布测试', '王五游记发布内容测试', 'bc950ac1-abd9-4e54-9660-0e801d66ec09.jpg,bfd072aa-68b9-4875-ac3f-532d2260b10d.png,9322ef3c-4d81-472d-8794-c78ef498bfc2.jpg,53c0b712-8b19-43c4-9ab9-d8b166119d75.png,92b79103-f7ae-4d85-9571-c70b5912d96f.jpg', 0, 1, 1, '2023-04-29 15:32:46', '2023-04-29 15:32:46', 1);
INSERT INTO `post` VALUES (30, 1000000003, '王五', 'e226ee56-fdf7-408c-8a68-9873de9b6444.jpg', '367cd71f-38a2-40ee-8476-593f52433b45.jpg', '王五游记发布', '王五文章测试', '2d8e6690-1996-4369-8839-d522f28a8cca.jpg', 0, 0, 0, '2023-04-29 15:34:55', '2023-04-29 15:34:55', 0);

-- ----------------------------
-- Table structure for post_comments
-- ----------------------------
DROP TABLE IF EXISTS `post_comments`;
CREATE TABLE `post_comments`  (
  `id` bigint(20) NOT NULL AUTO_INCREMENT COMMENT 'id',
  `user_id` bigint(20) NOT NULL DEFAULT 0 COMMENT '用户id',
  `post_id` bigint(20) NOT NULL DEFAULT 0 COMMENT '帖子id',
  `parent_id` bigint(20) NOT NULL DEFAULT 0 COMMENT '父级id',
  `nick_name` varchar(50) CHARACTER SET utf8 COLLATE utf8_general_ci NOT NULL COMMENT '用户名称',
  `avatar_url` varchar(100) CHARACTER SET utf8 COLLATE utf8_general_ci NOT NULL COMMENT '用户头像',
  `content` varchar(200) CHARACTER SET utf8 COLLATE utf8_general_ci NOT NULL COMMENT '评论内容',
  `create_time` timestamp(0) NOT NULL DEFAULT CURRENT_TIMESTAMP(0) COMMENT '创建时间',
  `update_time` timestamp(0) NOT NULL DEFAULT CURRENT_TIMESTAMP(0) COMMENT '修改时间',
  `is_deleted` tinyint(3) NOT NULL DEFAULT 0 COMMENT '删除标记（0:可用，1:不可用）',
  PRIMARY KEY (`id`) USING BTREE
) ENGINE = InnoDB AUTO_INCREMENT = 59 CHARACTER SET = utf8 COLLATE = utf8_general_ci ROW_FORMAT = Dynamic;

-- ----------------------------
-- Records of post_comments
-- ----------------------------
INSERT INTO `post_comments` VALUES (49, 1000000002, 20, 0, '李四', 'e09178cd-e7a5-4d70-a073-69a9dc10399e.jpg', '评论测试', '2023-04-13 22:44:06', '2023-04-13 22:44:06', 0);
INSERT INTO `post_comments` VALUES (50, 1000000002, 23, 0, '李四', 'e09178cd-e7a5-4d70-a073-69a9dc10399e.jpg', '作者发布评论测试', '2023-04-13 22:45:17', '2023-04-13 22:45:17', 1);
INSERT INTO `post_comments` VALUES (51, 1000000002, 23, 0, '李四', 'e09178cd-e7a5-4d70-a073-69a9dc10399e.jpg', '阿斯蒂芬是的发大幅度', '2023-04-13 22:58:01', '2023-04-13 22:58:01', 1);
INSERT INTO `post_comments` VALUES (52, 1000000002, 23, 51, '李四', 'e09178cd-e7a5-4d70-a073-69a9dc10399e.jpg', '水电费地方东方闪电', '2023-04-13 22:58:05', '2023-04-13 22:58:05', 1);
INSERT INTO `post_comments` VALUES (53, 1000000002, 23, 50, '李四', 'e09178cd-e7a5-4d70-a073-69a9dc10399e.jpg', '湿哒哒打巅峰', '2023-04-13 23:02:52', '2023-04-13 23:02:52', 1);
INSERT INTO `post_comments` VALUES (54, 1000000001, 28, 0, '张三', '2.png', '评论测试', '2023-04-27 17:04:11', '2023-04-27 17:04:11', 0);
INSERT INTO `post_comments` VALUES (55, 1000000001, 28, 54, '张三', '2.png', '评论回复', '2023-04-27 17:04:24', '2023-04-27 17:04:24', 0);
INSERT INTO `post_comments` VALUES (56, 1000000003, 29, 0, '王五', 'e226ee56-fdf7-408c-8a68-9873de9b6444.jpg', '王五评论发布测试', '2023-04-29 15:33:16', '2023-04-29 15:33:16', 1);
INSERT INTO `post_comments` VALUES (57, 1000000003, 29, 56, '王五', 'e226ee56-fdf7-408c-8a68-9873de9b6444.jpg', '王五评论回复', '2023-04-29 15:33:25', '2023-04-29 15:33:25', 1);
INSERT INTO `post_comments` VALUES (58, 1000000003, 29, 56, '王五', 'e226ee56-fdf7-408c-8a68-9873de9b6444.jpg', '王五评论回复', '2023-04-29 15:33:45', '2023-04-29 15:33:45', 1);

-- ----------------------------
-- Table structure for post_praise
-- ----------------------------
DROP TABLE IF EXISTS `post_praise`;
CREATE TABLE `post_praise`  (
  `id` bigint(20) NOT NULL AUTO_INCREMENT COMMENT 'id',
  `user_id` bigint(20) NOT NULL DEFAULT 0 COMMENT '用户id',
  `post_id` bigint(20) NOT NULL DEFAULT 0 COMMENT '帖子id',
  `create_time` timestamp(0) NOT NULL DEFAULT CURRENT_TIMESTAMP(0) COMMENT '创建时间',
  `update_time` timestamp(0) NOT NULL DEFAULT CURRENT_TIMESTAMP(0) COMMENT '修改时间',
  `is_deleted` tinyint(3) NOT NULL DEFAULT 0 COMMENT '删除标记（0:可用，1:不可用）',
  PRIMARY KEY (`id`) USING BTREE
) ENGINE = InnoDB AUTO_INCREMENT = 83 CHARACTER SET = utf8 COLLATE = utf8_general_ci ROW_FORMAT = Dynamic;

-- ----------------------------
-- Records of post_praise
-- ----------------------------
INSERT INTO `post_praise` VALUES (80, 1000000002, 20, '2023-03-10 15:55:50', '2023-03-10 15:55:50', 0);
INSERT INTO `post_praise` VALUES (81, 1000000001, 27, '2023-04-27 17:03:15', '2023-04-27 17:03:15', 0);
INSERT INTO `post_praise` VALUES (82, 1000000003, 28, '2023-04-29 15:31:00', '2023-04-29 15:31:00', 0);

-- ----------------------------
-- Table structure for practical_info
-- ----------------------------
DROP TABLE IF EXISTS `practical_info`;
CREATE TABLE `practical_info`  (
  `id` bigint(20) NOT NULL AUTO_INCREMENT COMMENT 'id',
  `city_id` bigint(20) NOT NULL DEFAULT 0 COMMENT '城市id',
  `name` varchar(50) CHARACTER SET utf8 COLLATE utf8_general_ci NOT NULL DEFAULT '' COMMENT '信息名称',
  `content` varchar(255) CHARACTER SET utf8 COLLATE utf8_general_ci NULL DEFAULT '' COMMENT '信息内容',
  `create_time` timestamp(0) NOT NULL DEFAULT CURRENT_TIMESTAMP(0) COMMENT '创建时间',
  `update_time` timestamp(0) NOT NULL DEFAULT CURRENT_TIMESTAMP(0) COMMENT '更新时间',
  `is_deleted` tinyint(3) NOT NULL DEFAULT 0 COMMENT '删除标记（0:可用，1:不可用）',
  PRIMARY KEY (`id`) USING BTREE
) ENGINE = InnoDB AUTO_INCREMENT = 70000011 CHARACTER SET = utf8 COLLATE = utf8_general_ci ROW_FORMAT = Dynamic;

-- ----------------------------
-- Records of practical_info
-- ----------------------------
INSERT INTO `practical_info` VALUES (70000001, 350200, '金融货币', '信用卡在厦门的使用非常普遍，各大宾馆、酒店、旅游、购物场所等都可以使用，一般来说长城卡、牡丹卡、万事达卡、金穗卡等信用卡比较普及。', '2022-12-09 09:35:02', '2022-12-09 09:35:02', 0);
INSERT INTO `practical_info` VALUES (70000002, 350200, '卫生', '来厦门吃海鲜一定要记住带好止泻药，不可贪多。喜欢吃夜宵的朋友最好不要太晚出门，这里有名的大排档生意都超好，去晚的话，可供挑选的海鲜品种会很少。此外，厦门是国家卫生城市，当地政府对乱丢垃圾、破坏市容整洁的行为处罚较重，而且公共场所禁止吸烟，违者也会受到处罚，到厦门旅游一定要注意。', '2022-12-09 09:35:40', '2022-12-09 09:35:40', 0);
INSERT INTO `practical_info` VALUES (70000003, 350200, '习俗禁忌', '进餐时，筷子不要插在饭上，因祭祀时往往在饭上插香。这是对人的不敬；招待客人时，最忌讳摆六盘菜，因为依清朝旧例，死囚临刑前才食以六盘菜肴；在婴儿面前不要谈猴，认为谈猴会招致婴儿多病难养；也不要夸婴儿肥胖，要说“好看”“好养”。', '2022-12-09 09:35:56', '2022-12-09 09:35:56', 0);
INSERT INTO `practical_info` VALUES (70000004, 350200, '电话', '', '2022-12-09 09:38:09', '2022-12-09 09:38:09', 0);
INSERT INTO `practical_info` VALUES (70000005, 350200, '医院', '厦门市的医疗水平较发达，要是在旅行过程中突发疾病或遭遇意外伤害，大可放心就医。', '2022-12-09 09:39:10', '2022-12-09 09:39:10', 0);
INSERT INTO `practical_info` VALUES (70000006, 530700, '语言', '纳西口语是丽江的主要语言，丽江的纳西家庭中，家庭成员之间仍使用纳西口语。但在丽江古城，云南方言（云南话）是最广使用的语言。云南话和普通话发音上有些差别，除了多数纳西族的老人不会说普通话外，如果你表明自己听不懂，大多数人还是可以与你说普通话，不用太担心沟通问题。', '2022-12-09 09:36:45', '2022-12-09 09:36:45', 0);
INSERT INTO `practical_info` VALUES (70000007, 530700, '银行', '大研古镇里银行和 ATM 较多，东大街上有中行、工行、农行等，取款很方便。但如果是到石鼓、虎跳峡等远离城镇的景区，最好事先做好资金上的准备。', '2022-12-09 09:36:58', '2022-12-09 09:36:58', 0);
INSERT INTO `practical_info` VALUES (70000008, 530700, '邮局', '丽江的邮政编码为 674100，古城四方街的“四方街邮政支局”可以办理相关业务。如果想寄明信片，古城很多店铺都可以买到，也可以帮忙邮寄。', '2022-12-09 09:37:24', '2022-12-09 09:37:24', 0);
INSERT INTO `practical_info` VALUES (70000009, 530700, '电话', '丽江各乡都有电话，但 IC 电话一般只在游客较多的地方才能见到。手机\r\n进入山区后信号一般都会变弱很多，或者根本就没有信号。', '2022-12-09 09:40:07', '2022-12-09 09:40:07', 0);
INSERT INTO `practical_info` VALUES (70000010, 530700, '医院', '丽江市人民医院是丽江最大的医院，是丽江市唯一的国家“三级乙等”\r\n综合医院', '2022-12-09 09:40:46', '2022-12-09 09:40:46', 0);

-- ----------------------------
-- Table structure for restaurant
-- ----------------------------
DROP TABLE IF EXISTS `restaurant`;
CREATE TABLE `restaurant`  (
  `id` bigint(20) NOT NULL AUTO_INCREMENT COMMENT 'id',
  `city_id` bigint(20) NOT NULL DEFAULT 0 COMMENT '城市id',
  `name` varchar(50) CHARACTER SET utf8 COLLATE utf8_general_ci NOT NULL DEFAULT '' COMMENT '餐馆名称',
  `pinyin` varchar(50) CHARACTER SET utf8 COLLATE utf8_general_ci NOT NULL DEFAULT '' COMMENT '拼音',
  `intro` varchar(255) CHARACTER SET utf8 COLLATE utf8_general_ci NOT NULL DEFAULT '' COMMENT '餐馆介绍',
  `cover_img` varchar(100) CHARACTER SET utf8 COLLATE utf8_general_ci NOT NULL DEFAULT '' COMMENT '封面图片',
  `address` varchar(200) CHARACTER SET utf8 COLLATE utf8_general_ci NOT NULL DEFAULT '' COMMENT '地址',
  `phone` varchar(30) CHARACTER SET utf8 COLLATE utf8_general_ci NOT NULL DEFAULT '' COMMENT '联系方式',
  `price` bigint(20) NOT NULL DEFAULT 0 COMMENT '参考价格',
  `create_time` timestamp(0) NOT NULL DEFAULT CURRENT_TIMESTAMP(0) COMMENT '创建时间',
  `update_time` timestamp(0) NOT NULL DEFAULT CURRENT_TIMESTAMP(0) COMMENT '更新时间',
  `is_deleted` tinyint(3) NOT NULL DEFAULT 0 COMMENT '删除标记（0:可用，1:不可用）',
  PRIMARY KEY (`id`) USING BTREE
) ENGINE = InnoDB AUTO_INCREMENT = 50000008 CHARACTER SET = utf8 COLLATE = utf8_general_ci ROW_FORMAT = Dynamic;

-- ----------------------------
-- Records of restaurant
-- ----------------------------
INSERT INTO `restaurant` VALUES (50000001, 350200, '1980烧肉粽', '1980SHAOROUZONG', '非常有名的小吃店，沿着中山路走一下就看到招牌。肉粽5元一个，内容非常丰富，有肉、虾、粟子、蛋、香菇、卤蛋……蘸着浓郁的甜辣酱和花生酱，即使凉了吃起来，也很美味。如果再来上一碗沙茶面或扁食汤，顿时完美升级。', '2e8c4e95-c627-46dc-bbf1-f6b1875ec9d7.jpg', '思明区中山路353号(近工人文化宫旧址)', '0592-2032869/15160096184', 30, '2022-12-09 09:17:18', '2022-12-09 09:17:18', 0);
INSERT INTO `restaurant` VALUES (50000002, 350200, '康家龙头海蛎煎', 'KANGJIALONGTOUHAILIJIAN', '海蛎煎嫩嫩的煎蛋裹在海蛎外面，配上去腥的辣椒酱，绝对是人间美味，爆浆鱿鱼,鱿鱼豆腐也是他们家的主打。', '6886a847-e959-438f-aa7c-f4f22267ffdc.jpg', '思明区龙头路189号', '18959283189', 19, '2022-12-09 09:17:53', '2022-12-09 09:17:53', 0);
INSERT INTO `restaurant` VALUES (50000003, 350200, '叶氏麻糍', 'YESIMACI', '只是一个小小的流动滩头，生意却一点都不差。老板当场制作，动作相当娴熟——先把糯米团用刀破开，拉成口袋状，然后包入大量花生、芝麻、砂糖，最后捏成一个球。吃起来糯糯的，不粘牙，各种香味充满口腔。价钱也超级实惠，1元1个，可以说是厦门最便宜的小吃。', '98debfa3-28f4-45e6-bb40-c6c37ef19c6a.jpg', '思明区龙头路街口', '', 11, '2022-12-09 09:18:39', '2022-12-09 09:18:39', 0);
INSERT INTO `restaurant` VALUES (50000004, 350200, '八婆婆烧仙草', 'BAPOPOSHAOXIANCAO', '烧仙草用料非常丰富，有芸豆、薏仁、红豆、花生、Ｑ果、龟苓膏等，最后加入“清甜”的蜂蜜或“浓郁”的奶茶，满满一杯吃下去，很滋润很满足。价格也不贵，确实是超级实惠。', '442f3711-bf77-424c-bfb8-bf76fb9e5517.jpg', '厦门市内有多家连锁店', '', 15, '2022-12-09 09:22:33', '2022-12-09 09:22:33', 0);
INSERT INTO `restaurant` VALUES (50000005, 530700, '唠叨坊私房菜', 'LAODAOFANGSIFANGCAI', '一家私房菜餐厅，老板很热情，黑山羊火锅是店里的特色，100元/锅，肉多、量足，味道很赞，也很滋补。', 'ecaf89b6-a31b-438e-8879-35f11faba790.jpg', '云南省丽江市古城区大石桥布农铃旁的巷子里（近大石桥客栈对门）', '0888-5180439', 42, '2022-12-09 09:24:44', '2022-12-09 09:24:44', 0);
INSERT INTO `restaurant` VALUES (50000006, 530700, '88号小吃店', '88HAOXIAOCHIDIAN', '地道的纳西族风味餐厅，口碑很好，酥油茶、米线、纳西炒饭都很不错。', '4a9e4c50-ec5a-4afc-a706-cd806785cc06.jpg', '云南省丽江市古城区五一街兴仁上段 88 号 ( 古城派出所，小石桥 )', '0888-8888676', 54, '2022-12-09 09:26:09', '2022-12-09 09:26:09', 0);
INSERT INTO `restaurant` VALUES (50000007, 530700, '阿妈意纳西饮食院', 'AMAYINAXIYINSHIYUAN', '虽然位置不太好找，但店里的菜品味道不错，餐厅服务很好，价格适中，性价比较高。推荐蛇皮菜、牛肝菌锅、腊排骨。', 'a6dc1101-3543-48cd-b140-6456696662cf.jpg', '云南省丽江市古城区古城五一街小石桥 ( 近五一街小石桥 )', '0888-5309588', 57, '2022-12-09 09:28:50', '2022-12-09 09:28:50', 0);

-- ----------------------------
-- Table structure for scenic_spot
-- ----------------------------
DROP TABLE IF EXISTS `scenic_spot`;
CREATE TABLE `scenic_spot`  (
  `id` bigint(20) NOT NULL AUTO_INCREMENT COMMENT 'id',
  `city_id` bigint(20) NOT NULL DEFAULT 0 COMMENT '城市id',
  `name` varchar(50) CHARACTER SET utf8 COLLATE utf8_general_ci NOT NULL DEFAULT '' COMMENT '景点名称',
  `pinyin` varchar(50) CHARACTER SET utf8 COLLATE utf8_general_ci NOT NULL DEFAULT '' COMMENT '景点拼音',
  `intro` varchar(255) CHARACTER SET utf8 COLLATE utf8_general_ci NOT NULL DEFAULT '' COMMENT '景点介绍',
  `cover_img` varchar(100) CHARACTER SET utf8 COLLATE utf8_general_ci NOT NULL DEFAULT '' COMMENT '封面图片',
  `address` varchar(200) CHARACTER SET utf8 COLLATE utf8_general_ci NOT NULL DEFAULT '' COMMENT '景点地址',
  `opening_time` varchar(255) CHARACTER SET utf8 COLLATE utf8_general_ci NOT NULL DEFAULT '' COMMENT '开放时间',
  `create_time` timestamp(0) NOT NULL DEFAULT CURRENT_TIMESTAMP(0) COMMENT '创建时间',
  `update_time` timestamp(0) NOT NULL DEFAULT CURRENT_TIMESTAMP(0) COMMENT '更新时间',
  `is_deleted` tinyint(255) NULL DEFAULT 0 COMMENT '删除标记（0:可用，1:不可用）',
  PRIMARY KEY (`id`) USING BTREE
) ENGINE = InnoDB AUTO_INCREMENT = 10000006 CHARACTER SET = utf8 COLLATE = utf8_general_ci ROW_FORMAT = Dynamic;

-- ----------------------------
-- Records of scenic_spot
-- ----------------------------
INSERT INTO `scenic_spot` VALUES (10000001, 350200, '鼓浪屿', 'GULANGYU', '素有“海上花园”、“万国建筑博览”、“音乐之乡”、“钢琴之岛”之誉， 岛屿小资情调浓郁，是非常浪漫的邂逅地。', 'e3ff2629-28f6-4a3f-9fdb-eec7211d68ec.jpg', '厦门市思明区鼓浪屿', '全天开放；游客登岛时间跟随游船发船时间', '2022-12-09 07:24:28', '2022-12-09 07:24:28', 0);
INSERT INTO `scenic_spot` VALUES (10000002, 350200, '厦门大学', 'XIAMENDAXUE', '中国最美的大学校园之一。滨海风光，建筑散落云雾之中，若蓬莱仙境；最妙海塘堤岸，红花绿影，镶嵌于鹭岛之西。', 'a69ec452-a22f-4795-acda-2f6629e6b1f4.jpg', '厦门市思明区思明南路422号', '疫情防控期间暂停校园参观，详情可电话咨询', '2022-12-09 07:25:51', '2022-12-09 07:25:51', 0);
INSERT INTO `scenic_spot` VALUES (10000003, 530700, '泸沽湖', 'HUGUHU', '泸沽湖坐落在绝美的湖光山色之间，那里生活着国内外罕见的，至今还延续着母系氏族特点的摩梭人。独特的“阿夏”婚姻、自然而原始的民俗风情、美丽的自然风光，为这片古老的土地染上了神秘而美丽的色彩，被称为“神奇的东方女儿国”。', '9f26489a-0afe-4e38-8cfd-8ebf23206cd1.jpg', '丽江市宁蒗县泸沽湖镇', '全年，全天开放', '2022-12-09 07:32:29', '2022-12-09 07:32:29', 0);
INSERT INTO `scenic_spot` VALUES (10000004, 530700, '玉龙雪山', 'YULONGXUESHAN', '玉龙雪山是丽江知名景点之一，也是纳西族心中的神山，一共13座山峰连绵起伏，似银龙飞舞，因此得名。玉龙雪山以\"险、奇、美、秀\"著称。从山脚到山顶，有亚热带、温带、寒带等多级景观逐级。', '0231c75f-edca-4a9c-9f04-a4899caab948.jpg', '丽江市玉龙县丽江古城以北15公里处（玉龙雪山风景区）', '全年 07:30-16:30', '2022-12-09 07:35:15', '2022-12-09 07:35:15', 0);
INSERT INTO `scenic_spot` VALUES (10000005, 110100, '故宫', 'GUGONG', '故宫又名紫禁城，位于北京市中心、天安门广场北 1km，景山南门对面。故宫外围是一条护城河，河内是周长 3km、高近 10 米的城墙，城墙四面都有门，南有午门，北有神武门，东有东华门，西有西华门；城墙四角还耸立着 4 座角楼，造型别致，玲珑剔透。\n故宫大体可分为两部分，南为工作区，即外朝；北为生活区，即内廷。其所有建筑排列在中轴线上，东西对称。在居住区以北还有一个小巧别致的御花园，是皇室人员游玩之所。\n现在故宫的一些宫殿中设有综合性展览，收藏有大量古代艺术珍品，是中国文物收藏最丰富的博物馆。', 'caef5b46-5d4c-4b52-8b49-54386e71621f.jpg', '北京市东城区景山前街 4 号', '除法定节假日和暑期（每年 7 月 1 日至 8 月 31 日）外，故宫博物院全年实行周一闭馆的措施。', '2023-03-06 17:13:25', '2023-03-06 17:13:25', 0);

-- ----------------------------
-- Table structure for shopping
-- ----------------------------
DROP TABLE IF EXISTS `shopping`;
CREATE TABLE `shopping`  (
  `id` bigint(20) NOT NULL AUTO_INCREMENT COMMENT 'id',
  `city_id` bigint(20) NOT NULL DEFAULT 0 COMMENT '城市id',
  `name` varchar(50) CHARACTER SET utf8 COLLATE utf8_general_ci NOT NULL DEFAULT '' COMMENT '名称',
  `pinyin` varchar(50) CHARACTER SET utf8 COLLATE utf8_general_ci NOT NULL DEFAULT '' COMMENT '拼音',
  `intro` varchar(255) CHARACTER SET utf8 COLLATE utf8_general_ci NOT NULL DEFAULT '' COMMENT '介绍',
  `cover_img` varchar(100) CHARACTER SET utf8 COLLATE utf8_general_ci NOT NULL DEFAULT '' COMMENT '封面图片',
  `address` varchar(200) CHARACTER SET utf8 COLLATE utf8_general_ci NOT NULL DEFAULT '' COMMENT '地址',
  `create_time` timestamp(0) NOT NULL DEFAULT CURRENT_TIMESTAMP(0) COMMENT '创建时间',
  `update_time` timestamp(0) NOT NULL DEFAULT CURRENT_TIMESTAMP(0) COMMENT '更新时间',
  `is_deleted` tinyint(3) NOT NULL DEFAULT 0 COMMENT '删除标记（0:可用，1:不可用）',
  PRIMARY KEY (`id`) USING BTREE
) ENGINE = InnoDB AUTO_INCREMENT = 60000004 CHARACTER SET = utf8 COLLATE = utf8_general_ci ROW_FORMAT = Dynamic;

-- ----------------------------
-- Records of shopping
-- ----------------------------
INSERT INTO `shopping` VALUES (60000001, 350200, '中山路', 'ZHONGSHANLU', '中山路以购物点多、百物俱全、价格公道为特色，终日游人不断。每天清晨起店家便陆续开始营业，一般为早上九点，营业时间大都至深夜。中山路商业街上的建筑，多为旧式格调和布局，所以道路有些拥挤，每到购物旺季或假日，这里便熙熙攘攘。由于抵达轮渡的公共交通车辆很多，而这些车辆又大都直穿中山路而过，所以交通十分方便。', '540d7714-c75e-4fe7-b598-0931083d4f81.jpg', '厦门市思明区中山路', '2022-12-09 09:30:30', '2022-12-09 09:30:30', 0);
INSERT INTO `shopping` VALUES (60000002, 350200, 'SM 城市广场', 'SMGUANGCHANG', '厦门 SM 购物广场浓缩了现代都市生活的各种内容，融大卖场、百货、专卖店、精品店于一体，引领厦门“一站式”购物、娱乐、美食新潮流，全面呈现精致生活。', 'c6841d0b-f7a1-4ecb-921a-3e4789e5aa73.jpg', '厦门市湖里区嘉禾路468号', '2022-12-09 09:30:45', '2022-12-09 09:30:45', 0);
INSERT INTO `shopping` VALUES (60000003, 350200, '第八海鲜市场', 'DIBAHAIXIANSHICHANG', '八市可以算是厦门现在当红的菜市场了，每来厦门旅游的人，都会专门跑去八市逛逛吃吃。通常大家所讲的八市其实是包括了两个菜市场，一个是开禾市场，还有一个是被当地人称为八市内市的十字形的营平市场。', '12271314-c88d-4e86-8e5f-7a734fedc399.jpg', '厦门市思明区开禾路与担水巷交叉口东100米', '2022-12-09 09:32:22', '2022-12-09 09:32:22', 0);

-- ----------------------------
-- Table structure for special_snacks
-- ----------------------------
DROP TABLE IF EXISTS `special_snacks`;
CREATE TABLE `special_snacks`  (
  `id` bigint(20) NOT NULL AUTO_INCREMENT COMMENT 'id',
  `city_id` bigint(20) NOT NULL DEFAULT 0 COMMENT '城市id',
  `name` varchar(50) CHARACTER SET utf8 COLLATE utf8_general_ci NOT NULL DEFAULT '' COMMENT '名称',
  `pinyin` varchar(50) CHARACTER SET utf8 COLLATE utf8_general_ci NOT NULL COMMENT '拼音',
  `intro` varchar(255) CHARACTER SET utf8 COLLATE utf8_general_ci NOT NULL COMMENT '介绍',
  `cover_img` varchar(100) CHARACTER SET utf8 COLLATE utf8_general_ci NOT NULL DEFAULT '' COMMENT '封面图片',
  `create_time` timestamp(0) NOT NULL DEFAULT CURRENT_TIMESTAMP(0) COMMENT '创建时间',
  `update_time` timestamp(0) NOT NULL DEFAULT CURRENT_TIMESTAMP(0) COMMENT '更新时间',
  `is_deleted` tinyint(3) NOT NULL DEFAULT 0 COMMENT '删除标记（0:可用，1:不可用）',
  PRIMARY KEY (`id`) USING BTREE
) ENGINE = InnoDB AUTO_INCREMENT = 40000009 CHARACTER SET = utf8 COLLATE = utf8_general_ci ROW_FORMAT = Dynamic;

-- ----------------------------
-- Records of special_snacks
-- ----------------------------
INSERT INTO `special_snacks` VALUES (40000001, 350200, '同安封肉', 'TONGANFENGROU', '闽南同安区“封肉”。是用一大块三五斤重的猪腿肉掺和着海蛎干、香菇、莲子、虾米等佐料，泼上酱油，再用纱巾包裹装盆，加盖入笼蒸熟之，上桌才掀盖，所以叫作“封肉”。据说，正宗同安封肉非常嫩，将筷子插在封肉上，筷子在倒下的过程中就可以把封肉切开。', 'b8977eae-954b-4dcc-bc51-eda051ac3683.jpg', '2022-12-09 09:11:49', '2022-12-09 09:11:49', 0);
INSERT INTO `special_snacks` VALUES (40000002, 350200, '土笋冻', 'TUSUNDONG', '这是一种由特有产品加工而成的冻品。沙虫经过熬煮，体内所含胶质溶完全入水中，冷却后即凝结成土笋冻。其肉清，味美甘鲜。配以上好酱油、北醋、甜酱、辣酱、芥辣、蒜蓉、海蛰及芫荽、白萝卜丝、辣椒丝、番茄片等，则成一道色香味俱佳的风味小吃。', '903a6a27-d7d0-4312-a7ba-1935fce0af71.jpg', '2022-12-09 09:11:49', '2022-12-09 09:11:49', 0);
INSERT INTO `special_snacks` VALUES (40000003, 350200, '沙茶面', 'SHACHAMIAN', '其妙处在汤头。主料之一的沙茶是选用上等的虾头，经拌盐腌制两个月以上，再磨细，将虾酱、蒜头酱按先后顺序加入沸油炸透，待冷却后加入五香粉、咖哩粉、辣椒粉、芝麻等制成。', '804d12a8-6d82-43ba-84d4-55dc8cd0ad63.jpg', '2022-12-09 09:11:49', '2022-12-09 09:11:49', 0);
INSERT INTO `special_snacks` VALUES (40000004, 530700, '鸡豆凉粉', 'JIDOULIANGFEN', '鸡豆凉粉是丽江古城里的招牌食品。鸡豆是丽江特有的一种豆类，产于高海拔地区，且产量极低。用鸡豆做成的凉粉就称作鸡豆凉粉。鸡豆凉粉有凉吃和热吃两种吃法。夏季多凉吃，把凉粉切成片，然后加入五颜六色的佐料，色香味俱全，而且消暑开胃。冬天，用平底锅将凉粉片煎得两面金黄，再依不同的口味配以不同的佐料，同样色香味俱全。加上当地的水焖粑粑，是味道极佳的搭配，在当地很受欢迎。小摊上卖的鸡豆凉粉一般 3-4 元一碗，如果在餐厅吃，价格较贵。', 'c59fa1af-f5fb-40f3-bcee-f17d926928fe.jpg', '2022-12-09 09:14:13', '2022-12-09 09:14:13', 0);
INSERT INTO `special_snacks` VALUES (40000005, 530700, '腊排骨火锅', 'LAPAIGUHUOGUO', '腊排骨火锅是纳西名菜“三叠水中”第三叠“热烈叠”中不可或缺的一道主菜，一般在有贵客或者是过年的时候才能吃到。不过，现在只要想吃，随时都可以吃到。', '36359d0a-6979-42bf-9953-e7cc14439dfc.jpg', '2022-12-09 09:14:26', '2022-12-09 09:14:26', 0);
INSERT INTO `special_snacks` VALUES (40000007, 530700, '水性杨花', 'SHUIXINGYANGHUA', '水性杨花是生长在丽江湖泊中的一道野菜，清炒后食用，口感丝滑醇香。这种花开在水面，花色洁白无暇，而植株却在水中，花因水波而随波逐流，丽江城内几乎所有的餐馆都能吃到这道菜。', '32443cc2-f10c-4fc4-992a-3beb2cd6c162.jpg', '2022-12-09 09:15:19', '2022-12-09 09:15:19', 0);
INSERT INTO `special_snacks` VALUES (40000008, 530700, '丽江粑粑', 'LIJIANGBABA', '丽江粑粑是纳西族特有的风味小吃，有着悠久的历史，在明代《徐霞客游记》中就有记载。丽江粑粑分为咸甜两类，可以根据各人口味任意选用，色泽金黄，香味扑鼻，吃起来酥脆可口，与酥油茶搭配，味道更好。古城四方街，有许多专营丽江粑粑的铺子 4-5 元 / 个，好吃又便宜。另外，在木府大院附近有一家专做丽江粑粑的小店，那里出售的丽江粑粑远近闻名，很多当地人也都在那里买着吃。', '2ce361e4-2ec4-4e80-a242-653d251d0383.jpg', '2022-12-09 09:15:33', '2022-12-09 09:15:33', 0);

-- ----------------------------
-- Table structure for tel_info
-- ----------------------------
DROP TABLE IF EXISTS `tel_info`;
CREATE TABLE `tel_info`  (
  `id` bigint(20) NOT NULL AUTO_INCREMENT COMMENT 'id',
  `info_id` bigint(20) NOT NULL DEFAULT 0 COMMENT '实用信息id',
  `name` varchar(50) CHARACTER SET utf8 COLLATE utf8_general_ci NOT NULL DEFAULT '' COMMENT '电话名称',
  `phone` varchar(30) CHARACTER SET utf8 COLLATE utf8_general_ci NOT NULL DEFAULT '' COMMENT '联系电话',
  `create_time` timestamp(0) NOT NULL DEFAULT CURRENT_TIMESTAMP(0) COMMENT '创建时间',
  `update_time` timestamp(0) NOT NULL DEFAULT CURRENT_TIMESTAMP(0) COMMENT '更新时间',
  `is_deleted` tinyint(3) NOT NULL DEFAULT 0 COMMENT '删除标记（0:可用，1:不可用）',
  PRIMARY KEY (`id`) USING BTREE
) ENGINE = InnoDB AUTO_INCREMENT = 80000006 CHARACTER SET = utf8 COLLATE = utf8_general_ci ROW_FORMAT = Dynamic;

-- ----------------------------
-- Records of tel_info
-- ----------------------------
INSERT INTO `tel_info` VALUES (80000001, 70000004, '市长专线', '968123', '2022-12-09 09:41:41', '2022-12-09 09:41:41', 0);
INSERT INTO `tel_info` VALUES (80000002, 70000004, '旅游投诉', '800-858-2365', '2022-12-09 09:42:01', '2022-12-09 09:42:01', 0);
INSERT INTO `tel_info` VALUES (80000003, 70000004, '出租车乱收费投诉', '5615610', '2022-12-09 09:42:13', '2022-12-09 09:42:13', 0);
INSERT INTO `tel_info` VALUES (80000004, 70000004, '公交公司投诉电话', '5859275', '2022-12-09 09:42:23', '2022-12-09 09:42:23', 0);
INSERT INTO `tel_info` VALUES (80000005, 70000009, '丽江旅游局投诉电话', '0888-5123432', '2022-12-09 09:43:06', '2022-12-09 09:43:06', 0);

-- ----------------------------
-- Table structure for tree_hole
-- ----------------------------
DROP TABLE IF EXISTS `tree_hole`;
CREATE TABLE `tree_hole`  (
  `id` bigint(20) NOT NULL AUTO_INCREMENT COMMENT 'id',
  `nick_name` varchar(100) CHARACTER SET utf8 COLLATE utf8_general_ci NOT NULL DEFAULT '' COMMENT '用户名称',
  `avatar_url` varchar(200) CHARACTER SET utf8 COLLATE utf8_general_ci NOT NULL DEFAULT '' COMMENT '用户头像',
  `content` varchar(200) CHARACTER SET utf8 COLLATE utf8_general_ci NOT NULL DEFAULT '' COMMENT '树洞内容',
  `create_time` timestamp(0) NOT NULL DEFAULT CURRENT_TIMESTAMP(0) COMMENT '创建时间',
  `update_time` timestamp(0) NOT NULL DEFAULT CURRENT_TIMESTAMP(0) COMMENT '更新时间',
  `is_deleted` tinyint(3) NOT NULL DEFAULT 0 COMMENT '删除标记（0:可用，1:不可用）',
  PRIMARY KEY (`id`) USING BTREE
) ENGINE = InnoDB AUTO_INCREMENT = 200000016 CHARACTER SET = utf8 COLLATE = utf8_general_ci ROW_FORMAT = Dynamic;

-- ----------------------------
-- Records of tree_hole
-- ----------------------------
INSERT INTO `tree_hole` VALUES (200000001, '张三', '2.png', '测试1', '2022-12-24 09:19:12', '2022-12-24 09:19:12', 0);
INSERT INTO `tree_hole` VALUES (200000002, '张三', '2.png', '测试2', '2022-12-24 09:19:20', '2022-12-24 09:19:20', 0);
INSERT INTO `tree_hole` VALUES (200000003, '张三', '2.png', '测试3', '2022-12-24 09:19:31', '2022-12-24 09:19:31', 0);
INSERT INTO `tree_hole` VALUES (200000004, '张三', '2.png', '测试4', '2022-12-24 09:19:32', '2022-12-24 09:19:32', 0);
INSERT INTO `tree_hole` VALUES (200000005, '张三', '2.png', '测试5', '2022-12-24 09:19:32', '2022-12-24 09:19:32', 0);
INSERT INTO `tree_hole` VALUES (200000006, '张三', '2.png', '测试6', '2022-12-24 09:19:34', '2022-12-24 09:19:34', 0);
INSERT INTO `tree_hole` VALUES (200000007, '张三', '2.png', '登录后树洞测试', '2023-01-06 14:28:33', '2023-01-06 14:28:33', 0);
INSERT INTO `tree_hole` VALUES (200000008, '张三', '2.png', '登录后树洞测试', '2023-01-06 14:29:50', '2023-01-06 14:29:50', 0);
INSERT INTO `tree_hole` VALUES (200000009, '张三', '2.png', '树洞测试', '2023-03-01 12:36:35', '2023-03-01 12:36:35', 0);
INSERT INTO `tree_hole` VALUES (200000010, '张三', '2.png', '树洞测试', '2023-03-01 12:39:44', '2023-03-01 12:39:44', 0);
INSERT INTO `tree_hole` VALUES (200000011, '张三', '2.png', '树洞测试', '2023-03-04 23:32:53', '2023-03-04 23:32:53', 0);
INSERT INTO `tree_hole` VALUES (200000012, '张三', '2.png', 'fate认同感日月潭人烟浩穰跳回答题任何地方GV东风风光的大幅度三个人苟富贵东风风光登封市的股份的股份个回复的恢复规划电饭锅电饭锅国投瑞银热汤汤电饭锅社工跟人个人他忽然他电饭锅电饭锅发货人还让他很突然问题有人大飞哥人格让他忽然他的覆盖生日歌柔荑花热帖地方个人个人业务员如图一个月大飞哥瑞格尔和认同和认同海瑞特二个人各个人特赫瑞特还让他忽然他二个人问问热医务人员如图一热天涯热土唾液二个如果仍然拖后腿当', '2023-03-06 13:41:46', '2023-03-06 13:41:46', 1);
INSERT INTO `tree_hole` VALUES (200000013, '张三', '2.png', '沙度飞斧', '2023-03-07 15:06:23', '2023-03-07 15:06:23', 1);
INSERT INTO `tree_hole` VALUES (200000014, '张三', '2.png', '树洞测试', '2023-04-27 17:01:36', '2023-04-27 17:01:36', 0);
INSERT INTO `tree_hole` VALUES (200000015, '王五', 'e226ee56-fdf7-408c-8a68-9873de9b6444.jpg', '王五树洞发布测试', '2023-04-29 15:30:38', '2023-04-29 15:30:38', 0);

-- ----------------------------
-- Table structure for user
-- ----------------------------
DROP TABLE IF EXISTS `user`;
CREATE TABLE `user`  (
  `id` bigint(20) NOT NULL AUTO_INCREMENT COMMENT 'id',
  `email` varchar(100) CHARACTER SET utf8 COLLATE utf8_general_ci NOT NULL DEFAULT '' COMMENT '邮箱',
  `password` varchar(100) CHARACTER SET utf8 COLLATE utf8_general_ci NOT NULL DEFAULT '' COMMENT '密码',
  `nick_name` varchar(100) CHARACTER SET utf8 COLLATE utf8_general_ci NOT NULL DEFAULT '' COMMENT '用户名称',
  `avatar_url` varchar(200) CHARACTER SET utf8 COLLATE utf8_general_ci NOT NULL DEFAULT '' COMMENT '用户头像',
  `personal_autograph` varchar(255) CHARACTER SET utf8 COLLATE utf8_general_ci NULL DEFAULT '' COMMENT '个性签名',
  `status` tinyint(3) NOT NULL DEFAULT 1 COMMENT '账号状态（1：可用，0：不可用）',
  `salt` varchar(20) CHARACTER SET utf8 COLLATE utf8_general_ci NOT NULL DEFAULT '1' COMMENT '盐',
  `create_time` timestamp(0) NOT NULL DEFAULT CURRENT_TIMESTAMP(0) COMMENT '创建时间',
  `update_time` timestamp(0) NOT NULL DEFAULT CURRENT_TIMESTAMP(0) COMMENT '更新时间',
  `is_deleted` tinyint(3) NOT NULL DEFAULT 0 COMMENT '删除标记（0:可用，1:不可用）',
  PRIMARY KEY (`id`) USING BTREE
) ENGINE = InnoDB AUTO_INCREMENT = 1000000004 CHARACTER SET = utf8 COLLATE = utf8_general_ci ROW_FORMAT = Dynamic;

-- ----------------------------
-- Records of user
-- ----------------------------
INSERT INTO `user` VALUES (1000000001, 'jb2305718214@163.com', 'f1154f4eb57f6f76a028cb587122317d', '张三', '2.png', '', 1, 'XDPY#!$@', '2023-01-06 06:45:21', '2023-01-06 06:45:21', 0);
INSERT INTO `user` VALUES (1000000002, 'hehuo411@qq.com', '744ca4857452394f1c4cf3e595c9b6ea', '李四', '759b8ab6-e06c-4f7b-8fdb-0b0faf3fa61f.jpg', '个性签名修改测试2', 1, 'aWPU#!$@', '2023-03-07 07:39:44', '2023-04-27 17:05:36', 0);
INSERT INTO `user` VALUES (1000000003, '2305718214@qq.com', 'b738dd0263cf348e5afd5a6b497366e2', '王五', 'e226ee56-fdf7-408c-8a68-9873de9b6444.jpg', '个性签名测试', 1, 'Ghzo#!$@', '2023-04-29 07:30:11', '2023-04-29 15:39:19', 0);

-- ----------------------------
-- Table structure for user_authority
-- ----------------------------
DROP TABLE IF EXISTS `user_authority`;
CREATE TABLE `user_authority`  (
  `id` bigint(20) NOT NULL AUTO_INCREMENT COMMENT 'id',
  `user_id` bigint(20) NOT NULL DEFAULT 0 COMMENT '用户id',
  `authority_id` bigint(20) NOT NULL DEFAULT 0 COMMENT '权限id',
  `create_time` timestamp(0) NOT NULL DEFAULT CURRENT_TIMESTAMP(0) COMMENT '创建时间',
  `update_time` timestamp(0) NOT NULL DEFAULT CURRENT_TIMESTAMP(0) COMMENT '更新时间',
  `is_deleted` tinyint(3) NOT NULL DEFAULT 0 COMMENT '删除标记（0:可用，1:不可用）',
  PRIMARY KEY (`id`) USING BTREE
) ENGINE = InnoDB AUTO_INCREMENT = 2000000004 CHARACTER SET = utf8 COLLATE = utf8_general_ci ROW_FORMAT = Dynamic;

-- ----------------------------
-- Records of user_authority
-- ----------------------------
INSERT INTO `user_authority` VALUES (2000000001, 1000000001, 3, '2023-01-06 06:45:21', '2023-01-06 06:45:21', 0);
INSERT INTO `user_authority` VALUES (2000000002, 1000000002, 2, '2023-04-12 09:19:09', '2023-04-12 09:19:09', 0);
INSERT INTO `user_authority` VALUES (2000000003, 1000000003, 1, '2023-04-29 07:30:11', '2023-04-29 07:30:11', 0);

SET FOREIGN_KEY_CHECKS = 1;
